"codiceCorrispondenteAcq","codiceEsercenteAccettazione","insegnaPuntoVendita","co_sicc"
"00000003286","242661000053360","SQ *SQ *THE CENTER FOR","8398"
"00000003286","242661000053360","SQ     *SQ *BAR CREME","5814"
"00000003286","242661000053360","SQ *SQ *SUPERDRY NYC S","5691"
"00000003286","242661000053360","SQ     *SQ *TRAPMANIA 2451 nw 5th ave                                 MIAMI        33127     FL USA","7929"
"00000003286","242661000053360","SQ *SQ *VIN SUR VINGT","5813"
"00000003286","242661000053360","SQ *SQ *MANGU LATIN RE1401 East Cedar Street                          Allentown    18109     PA USA","5812"
"00000003286","242661000053360","SQ          *SQ *VIBES","5999"
"00000003286","242661000053360","SQ     *SQ *MASSILIA","5812"
"00000003286","242661000053360","SQ *SQ *NORTHWESTERN S","5812"
"00000003286","242661000053360","SQ *SQ *TAIM FALAFEL","5812"
"00000003286","242661000053360","SQ *SQ *BONSAI KAKIGOR","5814"
"00000003286","242661000053360","SQ *SQ *GOTAN CHELSEA","5814"
"469216","242661000053360","SQ *COAST ROAST COFFEE","5411"
"00000003286","242661000053360","SQ *SQ *JOFFREY'S COFF","5814"
"469216","242661000053360","SQ *HOME TOWN DONUTS","5462"
"00000003286","242661000053360","SQ *SQ *VINTAGE ON FIR","5691"
"00000003286","242661000053360","SQ *SQ *AWOKE VINTAGE","5691"
"469216","242661000053360","SQ *BIG MAMA CHIM?S","5812"
"469216","242661000053360","SQ *NOVO COFFEE GLENARM","5812"
"00000003286","242661000053360","SQ *SQ *BB'S PIZZARIA","5812"
"469216","242661000053360","SQ *BOBWHITE COUNTER","5999"
"469216","242661000053360","SQ *SHARON NOELLER, LMT","8099"
"00000003286","242661000053360","SQ *SQ *BLACKSEED BROA","5812"
"469216","242661000053360","SQ *CREPES ON THE MARKET,","5812"
"469216","242661000053360","SQ *DIOR CAFE","5812"
"00000003286","242661000053360","SQ *SQ *BURGER FACTORY","5812"
"00000003286","242661000053360","SQ *SQ *D&L GLOBAL SER","4121"
"00000003286","242661000053360","SQ *SQ *LOUIS MARKET","5499"
"469216","242661000053360","SQ *NC LIMO","4121"
"00000003286","242661000053360","SQ *SQ *NATURE'S IMAGE","7333"
"469216","242661000053360","SQ *THE AIRPLANE SHOP MIA","5399"
"469216","242661000053360","SQ *BROWARD CENTER FOR TH","7922"
"00000003286","242661000053360","SQ *SQ *SHEPHERD'S SHO","5399"
"00000003286","242661000053360","SQ *SQ *CLARK TRANSPOR","4121"
"469216","242661000053360","SQ *HOWARD 10/10 TAXI","4121"
"00000003286","242661000053360","SQ     *SQ *METRO TAXI","4121"
"00000003286","242661000053360","SQ          *SQ *RDUTA","4121"
"469216","242661000053360","SQ *PROOF OF THE PUDDING","5813"
"469216","242661000053360","SQ *NCAA D1 INDOOR CHAMPI","8398"
"00000003286","242661000053360","SQ *SQ *DAA| DUMPLINGS","5811"
"00000003286","242661000053360","SQ     *SQ *AMY'S BREA","5462"
"00000003286","242661000053360","SQ *SQ *ANTHONY JOHNSO6 North Whitney Street                          St Augustine 32084     FL USA","7230"
"00000003286","242661000053360","SQ *SQ *MAMAN TRIBECA","5814"
"00000003286","242661000053360","SQ *SQ *SOUTHWESTERN A5424 CAMINITO BAYO                              LA JOLLA     92037     CA USA","7333"
"469216","242661000053360","SQ *TARTINERY 90 PARK","5812"
"00000003286","242661000053360","SQ *SQ *CORVO COFFEE 9542 9th Ave                                     New York     10018     NY USA","5812"
"469216","242661000053360","SQ *THE BROOKLYN TREE","5812"
"469216","242661000053360","SQ *HYDE PARK UNITED METH","5814"
"469216","242661000053360","SQ *LUPO","5814"
"00000003286","242661000053360","SQ *SQ *AMY'S BREAD -","5462"
"469216","242661000053360","SQ *GGET ARTS DISTRICT","5814"
"00000003286","242661000053360","SQ     *SQ *DARBY WELS","7230"
"469216","242661000053360","SQ *JUST BAKED! NOWAKOWSK","5462"
"469216","242661000053360","SQ *DEEEZDOGZZ","5814"
"00000003286","242661000053360","SQ     *SQ *HOTEL AVYA","5814"
"00000003286","242661000053360","SQ *SQ *COLT 76 CO. LL","5691"
"00000003286","242661000053360","SQ *SQ *SAYURA HOUSE","5999"
"00000003286","242661000053360","SQ     *SQ *BKUK GROUP","5812"
"00000003286","242661000053360","SQ *SQ *MEKONG BISTRO","5812"
"00000003286","242661000053360","SQ *SQ *DESERT CHAMPIO","5999"
"00000003286","242661000053360","SQ *SQ *ROSSOPOMODORO","5812"
"00000003286","242661000053360","SQ     *SQ *YUJI RAMEN","5812"
"00000003286","242661000053360","SQ          *SQ *JORGE","5999"
"00000003286","242661000053360","SQ          *SQ *UME","5812"
"469216","242661000053360","SQ *PARKING GARAGE ON 5TH","7523"
"00000003286","242661000053360","SQ     *SQ *LA VILLETT","5812"
"469216","242661000053360","SQ *LEV MUDRIYAN","4121"
"00000003286","242661000053360","SQ *SQ *SF TAXI 1235","4121"
"00000003286","242661000053360","SQ *SQ *MY PREMIER LIM","4121"
"00000003286","242661000053360","SQ     *SQ *URBAN TANZ","7298"
"469216","242661000053360","SQ *STARHORSE GALLERY","7299"
"00000003286","242661000053360","SQ *SQ *COTTAGE COUTUR","5499"
"00000003286","242661000053360","SQ *SQ *MINISTRY OF KA","5499"
"469216","242661000053360","SQ *MAX JEAN","4121"
"00000003286","242661000053360","SQ *SQ *HEMENWAY VARIE","5499"
"00000003286","242661000053360","SQ *SQ *QUIMBY'S BOOKS347 Union Avenue                                Brooklyn     11211     NY USA","5192"
"469216","242661000053360","SQ *PORTLAND - PADDOCK LO","5813"
"00000003286","242661000053360","SQ *SQ *HANKS HAIR OF","5813"
"469216","242661000053360","SQ *RISE N GRIND","5814"
"00000003286","242661000053360","SQ *SQ *PLANT SHED PRI60 Spring Street                                New York     10012     NY USA","5814"
"00000003286","242661000053360","SQ *SQ *COCONUT CAFE M","5814"
"469216","242661000053360","SQ *CAFE M","5814"
"00000003286","242661000053360","SQ *SQ *JULES KITCHEN","7991"
"00000003286","242661000053360","SQ     *SQ *CATCH ONE","5813"
"00000003286","242661000053360","SQ     *SQ *LE BOWTIQU","5691"
"469216","242661000053360","SQ *81 BERDOO","5691"
"469216","242661000053360","SQ *SA?S SERVICES","8999"
"00000003286","242661000053360","SQ *SQ *NICOLETTE MAYE","8999"
"00000003286","242661000053360","SQ *SQ *UPTOWN MARKET","5812"
"469216","242661000053360","SQ *REYNARD","5812"
"00000003286","242661000053360","SQ *SQ *THAI PACIFIC L","5812"
"469216","242661000053360","SQ *NYWT CONCESSION STAND","5814"
"469216","242661000053360","SQ *PATISSERIE POUPON","5814"
"00000003286","242661000053360","SQ *SQ *JOE VAN GOGH |","5814"
"469216","242661000053360","SQ *TAYLOR LANE ORGANIC C","5814"
"00000003286","242661000053360","SQ     *SQ *JAMAL INC","5999"
"469216","242661000053360","SQ *GRIST MILL GIFTS, INC","5999"
"00000003286","242661000053360","SQ          *SQ *MANCH","5812"
"469216","242661000053360","SQ *ROLLER LINER DINER","7230"
"469216","242661000053360","SQ *AT COFFEE HOUSE","5814"
"00000003286","242661000053360","SQ *SQ *NOBLE SANDWICH","5814"
"00000003286","242661000053360","SQ     *SQ *HOTEL 964","7011"
"00000003286","242661000053360","SQ *SQ *RALPH'S COFFEE","5499"
"469216","242661000053360","SQ *FRAN'S CHOCOLATES - U","5499"
"469216","242661000053360","SQ *HAPPY TAXI","4121"
"469216","242661000053360","SQ *MB CAR SERVICE","4121"
"00000003286","242661000053360","SQ          *SQ *COMIC","5999"
"469216","242661000053360","SQ *JOHN LEMOINE","7699"
"00000003286","242661000053360","SQ     *SQ *BAR BASIC","5812"
"469216","242661000053360","SQ *THE VILLAGE DEN","5812"
"00000003286","242661000053360","SQ *SQ *ESCHER EXHIBIT201-253 36th Street                             Brooklyn     11232     NY USA","7333"
"00000003286","242661000053360","SQ *SQ *72 STREET NEWS","5499"
"00000003286","242661000053360","SQ     *SQ *THE GRAND","5499"
"00000003286","242661000053360","SQ *SQ *AERO LIMO INC","4121"
"469216","242661000053360","SQ *MESEKER ASFAW","4121"
"00000003286","242661000053360","SQ     *SQ *MOJET LIMO","4121"
"00000003286","242661000053360","SQ *SQ *PACIFIC PARK P","7991"
"00000003286","242661000053360","SQ *SQ *THREE FORKS, L","5813"
"00000003286","242661000053360","SQ *SQ *HENRY & SALLY'","5813"
"469216","242661000053360","SQ *JONATHAN?S FRESH MARK","5411"
"00000003286","242661000053360","SQ *SQ *ZACK'S SNACKS","5814"
"469216","242661000053360","SQ *CARLO'S BAKERY HOBOKE","5462"
"469216","242661000053360","SQ *VIDA CONCESSIONS INC","5814"
"00000003286","242661000053360","SQ *SQ *FOLLOW US @TWI","5814"
"00000003286","242661000053360","SQ *SQ *VINYL COFFEE A","5813"
"469216","242661000053360","SQ *PIONEERS BAR NYC","5813"
"469216","242661000053360","SQ *I LIKE TURTLES","5813"
"469216","242661000053360","SQ *CAFENTERPISES LLC","5691"
"00000003286","242661000053360","SQ *SQ *HAPPY SOCKS WI","5691"
"00000003286","242661000053360","SQ *SQ *HOUSING WORKS","5931"
"469216","242661000053360","SQ *COSECHA","5812"
"00000003286","242661000053360","SQ *SQ *CIBO OF SAUSAL","5812"
"469216","242661000053360","SQ *KURO-OBI AT URBANSPAC","5812"
"00000003286","242661000053360","SQ *SQ *NORTH BEACH DE","5812"
"00000003286","242661000053360","SQ     *SQ *REBEL REBE","5812"
"00000003286","242661000053360","SQ          *SQ *ITAMA","5812"
"469216","242661000053360","SQ *MACHETE TACOS @ ONPRE","5812"
"469216","242661000053360","SQ *DIVE OAHU AND SURF -","5999"
"00000003286","242661000053360","SQ *SQ *CAFE PAPILLON","5812"
"00000003286","242661000053360","SQ          *SQ *SOBAY","5812"
"469216","242661000053360","SQ *COCOA GRINDER","5812"
"469216","242661000053360","SQ *CHOW DOWN SPECIAL","5814"
"469216","242661000053360","SQ *KIKA HAIR DESIGN","7230"
"469216","242661000053360","SQ *ARELYSCARRILLOR@GMAIL","5814"
"00000003286","242661000053360","SQ *SQ *SAYURA HOUSE","7011"
"00000003286","242661000053360","SQ *SQ *MAE ASIAN EATE","5812"
"00000003286","242661000053360","SQ *SQ *ANGELO'S CAFE","5812"
"00000003286","242661000053360","SQ *SQ *AMORINO UPPER","5812"
"469216","242661000053360","SQ *SAUSALITO BIKE RETURN","5999"
"469216","242661000053360","SQ *PLANTBAR","5812"
"00000003286","242661000053360","SQ     *SQ *SONORATOWN","5812"
"469216","242661000053360","SQ *JOI CAFE // COFFEE BY","5812"
"00000003286","242661000053360","SQ *SQ *SEBASTIANOS RE","5812"
"00000003286","242661000053360","SQ *SQ *EAST END DONUT","5499"
"469216","242661000053360","SQ *PEPPER & CO.","5992"
"00000003286","242661000053360","SQ          *SQ *USA C","4121"
"00000003286","242661000053360","SQ *SQ *CRAFT + CARRY","5499"
"469216","242661000053360","SQ *SF SUPER CAB","4121"
"469216","242661000053360","SQ *FOXTAIL COFFEE CO.","5499"
"00000003286","242661000053360","SQ     *SQ *JET TAXI","4121"
"00000003286","242661000053360","SQ *SQ *(MIAMI TAXI) T","4121"
"469216","242661000053360","SQ *NANOX CELL PHONE 1","5732"
"469216","242661000053360","SQ *SF TAXI CAB","4121"
"469216","242661000053360","SQ *230FA LLC","5813"
"00000003286","242661000053360","SQ *SQ *SPRINGS TRANSP","4214"
"00000003286","242661000053360","SQ *SQ *GAME THE ROOM","7991"
"00000003286","242661000053360","SQ *SQ *JOE & THE JUIC","5814"
"00000003286","242661000053360","SQ *SQ *BUON PANE ITAL","5462"
"469216","242661000053360","SQ *FLAVIAN GELATERIA ART","5814"
"00000003286","242661000053360","SQ *SQ *ANTICO PIZZA N","5812"
"00000003286","242661000053360","SQ *SQ *UBATUBA ACAI B","5812"
"00000003286","242661000053360","SQ *SQ *2 BROS 9TH AVE","5812"
"00000003286","242661000053360","SQ *SQ *SIMPLY NATURAL","5812"
"469216","242661000053360","SQ *PETITE LOULOU UNION M","5812"
"00000003286","242661000053360","SQ *SQ *TANNIN WINE BA","5812"
"00000003286","242661000053360","SQ *SQ *ELEVA COFFEE B","5814"
"00000003286","242661000053360","SQ     *SQ *DAILY GRIN","5814"
"00000003286","242661000053360","SQ *SQ *FORT LAUDERDAL","5814"
"00000003286","242661000053360","SQ *SQ *SIMPLY LOVELY","5811"
"469216","242661000053360","SQ *CORK HATS","5691"
"00000003286","242661000053360","SQ     *SQ *ASA KAFTAN29-57 Windward Avenue                           Los Angeles  90291     CA USA","5691"
"00000003286","242661000053360","SQ *SQ *E BALDI RISTOR","5812"
"00000003286","242661000053360","SQ *SQ *ROCKAWAY CLAM","5812"
"00000003286","242661000053360","SQ *SQ *ROBERTA'S PIZZ","5812"
"00000003286","242661000053360","SQ     *SQ *THE LODGE","5812"
"469216","242661000053360","SQ *GARDEN OF LIGHT","8351"
"00000003286","242661000053360","SQ     *SQ *ASH PIZZA","5812"
"469216","242661000053360","SQ *YAYOI","5812"
"00000003286","242661000053360","SQ *SQ *THOMPSON AND B","5812"
"469216","242661000053360","SQ *ZAYAN ART SUPPLIES IN","5399"
"00000003286","242661000053360","SQ          *SQ *MUDSP","5499"
"469216","242661000053360","SQ *PHILIP KUNIN","5192"
"00000003286","242661000053360","SQ *SQ *MORE THAN WORD","8398"
"00000003286","242661000053360","SQ     *SQ *FANCY APPL","7991"
"00000003286","242661000053360","SQ *SQ *ELSIE ROOFTOP","5813"
"00000003286","242661000053360","SQ *SQ *DUX LESA TRADE","5699"
"00000003286","242661000053360","SQ *SQ *CARLO'S BAKERY3327 S Las Vegas Blvd                           Las Vegas    89109     NV USA","5462"
"469216","242661000053360","SQ *SONY HALL","7929"
"00000003286","242661000053360","SQ          *SQ *DIVE","5813"
"469216","242661000053360","SQ *LS SPORTS BAR","5813"
"00000003286","242661000053360","SQ *SQ *HOLLYWOOD SOUV","5999"
"469216","242661000053360","SQ *BENTO SUSHI","5812"
"469216","242661000053360","SQ *SOHO BITES","5812"
"469216","242661000053360","SQ *HOMETOWN COFFEE AND T","5814"
"00000003286","242661000053360","SQ *SQ *CAMPO DE ORO","5411"
"00000003286","242661000053360","SQ *SQ *CHALEUR COFFEE","5814"
"469216","242661000053360","SQ *J?BEZ BARBERSHOP & SA","7230"
"00000003286","242661000053360","SQ *SQ *ULTRA MUSIC FE","5814"
"469216","242661000053360","SQ *BYE BYE CHICAGO","5947"
"469216","242661000053360","SQ *MARCOSOFT TAX SERVICE","8111"
"00000003286","242661000053360","SQ *SQ *BRAD 'THE BULL","5691"
"00000003286","242661000053360","SQ *SQ *AOKI'S NORTH S","5999"
"469216","242661000053360","SQ *CHEF CHLOE","5812"
"469216","242661000053360","SQ *NATURE'S TABLE - LINC","5812"
"469216","242661000053360","SQ *US SUNGALASSES & HAT.","5999"
"469216","242661000053360","SQ *NUMERO28UES","5812"
"469216","242661000053360","SQ *ZTRIP","4121"
"00000003286","242661000053360","SQ *SQ *NUNU CHOCOLATE","5499"
"00000003286","242661000053360","SQ *SQ *VIA ONE TRANSP","4121"
"00000003286","242661000053360","SQ     *SQ *D'ABRUZZO","5499"
"469216","242661000053360","SQ *RALPH'S COFFEE","5499"
"00000003286","242661000053360","SQ *SQ *GOSQ.COM PATRI","7299"
"469216","242661000053360","SQ *GOSQ.COM JENNIFER ALV","7299"
"00000003286","242661000053360","SQ     *SQ *KITCHENTOW","5499"
"00000003286","242661000053360","SQ *SQ *GO AIRPORT EXP","4121"
"00000003286","242661000053360","SQ *SQ *BIANCO COCONUT3201-3211 Grand Avenue                          Miami        33133     FL USA","5499"
"00000003286","242661000053360","SQ *SQ *FAST CAR SERVI80 08. 35 Av                                    FLUSHING     11372     NY USA","4121"
"469216","242661000053360","SQ *PRECOG MAGAZINE","5192"
"00000003286","242661000053360","SQ *SQ *SILICON VALLEY","8398"
"469216","242661000053360","SQ *DANI AND THE RINGS","5944"
"00000003286","242661000053360","SQ     *SQ *CUP CAFE","5814"
"00000003286","242661000053360","SQ     *SQ *VRPODSCAPE","7991"
"469216","242661000053360","SQ *OREN'S COFFEE NYC","5812"
"469216","242661000053360","SQ *BASIL LLC","5812"
"00000003286","242661000053360","SQ *SQ *NEW JUBILEE VA","5999"
"469216","242661000053360","SQ *PINEAPPLE BEACH AND R","5691"
"00000003286","242661000053360","SQ          *SQ *TAKEO","5691"
"469216","242661000053360","SQ *ORIGINAL RED DIRT SHI","5691"
"00000003286","242661000053360","SQ          *SQ *SUNEL","5691"
"00000003286","242661000053360","SQ *SQ *SON VAN TRAN","5691"
"00000003286","242661000053360","SQ *SQ *SLEET & SOLE","5691"
"00000003286","242661000053360","SQ *SQ *UPCYCLE STITCH","8999"
"469216","242661000053360","SQ *SIMPLY CREPES 628 COR","5462"
"469216","242661000053360","SQ *BIG DADDY'S BBQ","5814"
"469216","242661000053360","SQ *COFFEE FIX","5814"
"00000003286","242661000053360","SQ *SQ *GOOD STOCK BRY","5814"
"00000003286","242661000053360","SQ *SQ *PERIWINKLES CA30 Audrey Avenue                                Oyster Bay   11771     NY USA","5811"
"469216","242661000053360","SQ *SQUARE STATION MARKET","5411"
"00000003286","242661000053360","SQ *SQ *EFRA.HSKP2@GMA","7299"
"469216","242661000053360","SQ *SUGAR BEAN","5812"
"469216","242661000053360","SQ *BOURBON COFFEE WISCON","5812"
"00000003286","242661000053360","SQ *SQ *BK JANI DEKALB","5812"
"469216","242661000053360","SQ *LA CHULA - GRAND CENT","5812"
"00000003286","242661000053360","SQ *SQ *PIZZERIA MONZU","5812"
"469216","242661000053360","SQ *AMORINO","5812"
"469216","242661000053360","SQ *SEBASTIANOS RESTAURAN","5812"
"00000003286","242661000053360","SQ     *SQ *RAMEN MAFI","5812"
"00000003286","242661000053360","SQ *SQ *RIO ACAI BOWLS","5812"
"00000003286","242661000053360","SQ     *SQ *POKE DELIS","5812"
"00000003286","242661000053360","SQ *SQ *CLEARWATER BEA","4121"
"00000003286","242661000053360","SQ     *SQ *OMAR AHMED","4121"
"00000003286","242661000053360","SQ          *SQ *BASE","4121"
"00000003286","242661000053360","SQ *SQ *MANCHESTER LAN","5499"
"469216","242661000053360","SQ *TAXI S 918","4121"
"00000003286","242661000053360","SQ *SQ *CENTRAL PARK P","4121"
"00000003286","242661000053360","SQ *SQ *ROAD TO THE HO","7392"
"469216","242661000053360","SQ *CAMPO DE ORO","5411"
"469216","242661000053360","SQ *JULIO'S CAR SERVICE","8999"
"469216","242661000053360","SQ *D?VINE HAIR SALON","8999"
"00000003286","242661000053360","SQ *SQ *ANDRES AGUILAR","5992"
"469216","242661000053360","SQ *EPOCA BAKERY","5814"
"469216","242661000053360","SQ *MOTHER JUICE, INC.","5814"
"00000003286","242661000053360","SQ *SQ *SARAGHINA BAKE","5462"
"00000003286","242661000053360","SQ *SQ *SPRIS PIZZA WH","5814"
"00000003286","242661000053360","SQ *SQ *327 LAFAYETTE","5814"
"00000003286","242661000053360","SQ *SQ *HI DE HO COMIC","5192"
"469216","242661000053360","SQ *ASHBY FLOWERS","5992"
"469216","242661000053360","SQ *FASHION PERFUMES","7299"
"00000003286","242661000053360","SQ     *SQ *MY BUSINES","5812"
"469216","242661000053360","SQ *SABAL COFFEE","5812"
"00000003286","242661000053360","SQ *SQ *LE MARAIS BAKE","5499"
"00000003286","242661000053360","SQ *SQ *PUBLIC - ROOFT","5499"
"469216","242661000053360","SQ *NAZBRO CHOCOLATES","5499"
"00000003286","242661000053360","SQ          *SQ *C BAR","5499"
"469216","242661000053360","SQ *MOBILE COUTURE","5732"
"469216","242661000053360","SQ *LEVY RESTAURANTS @ CO","5499"
"00000003286","242661000053360","SQ *SQ *BS TRANS INC","4121"
"00000003286","242661000053360","SQ     *SQ *ARROWCAB","4121"
"00000003286","242661000053360","SQ *SQ *JONATHAN CAR S","4121"
"469216","242661000053360","SQ *MUDSPOT","5499"
"469216","242661000053360","SQ *SOY & SAKE CC BACKUP","5812"
"00000003286","242661000053360","SQ *SQ *DEVOCION | FLA6 West 21st Street                              New York     10010     NY USA","5812"
"00000003286","242661000053360","SQ *SQ *PISTICCI RESTA","5812"
"00000003286","242661000053360","SQ     *SQ *THE CABIN","5812"
"00000003286","242661000053360","SQ          *SQ *PRAIR","5812"
"00000003286","242661000053360","SQ *SQ *MALEKO COFFEE","5999"
"469216","242661000053360","SQ *LECHON","5812"
"00000003286","242661000053360","SQ          *SQ *FARM","5812"
"00000003286","242661000053360","SQ *SQ *GANSEVOORT MAR","5813"
"469216","242661000053360","SQ *VR IS LIFE OC","7929"
"469216","242661000053360","SQ *NYWT CONCESSION STAND","7991"
"00000003286","242661000053360","SQ     *SQ *EVO RENTAL","7991"
"469216","242661000053360","SQ *PERFECT BROWS","7230"
"00000003286","242661000053360","SQ *SQ *PASION DEL CIE","5814"
"469216","242661000053360","SQ *L PALMER HAIR STYLIST","7230"
"00000003286","242661000053360","SQ          *SQ *CLAN","7929"
"00000003286","242661000053360","SQ *SQ *MEDDERM DERMAT","7298"
"00000003286","242661000053360","SQ *SQ *5TH AVENUE WYN","5814"
"469216","242661000053360","SQ *VIBIANA","5811"
"469216","242661000053360","SQ *GRAND CENTRAL GONG CH","5814"
"469216","242661000053360","SQ *DIALOG CAFE","5814"
"469216","242661000053360","SQ *BALL BEACHWEAR","5691"
"469216","242661000053360","SQ *MY BUSINESS","8999"
"00000003286","242661000053360","SQ          *SQ *ORIGI","5691"
"469216","242661000053360","SQ *EVERLANE","5691"
"00000003286","242661000053360","SQ     *SQ *GLOSSIER","7299"
"00000003286","242661000053360","SQ *SQ *SOBE INVEST US","6513"
"00000003286","242661000053360","SQ *SQ *THE STACKERY","5499"
"469216","242661000053360","SQ *PUBLIC - DIEGO","5499"
"00000003286","242661000053360","SQ *SQ *MISSION CEVICH","5812"
"00000003286","242661000053360","SQ *SQ *EL PUB RESTAUR","5812"
"00000003286","242661000053360","SQ *SQ *THE KATI ROLL","5812"
"00000003286","242661000053360","SQ *SQ *SEAMORE'S UP T","5812"
"469216","242661000053360","SQ *SUN?S UP HAWAII","5812"
"469216","242661000053360","SQ *MOON JUICE","5999"
"00000003286","242661000053360","SQ *SQ *MENOTTI'S COFF","5812"
"469216","242661000053360","SQ *SUKI HANA","5812"
"469216","242661000053360","SQ *CELLAIRIS","5999"
"469216","242661000053360","SQ *YEUNG'S LOTUS EXPRESS","5812"
"469216","242661000053360","SQ *SQUEEZE INN HAMBURGER","5812"
"469216","242661000053360","SQ *CANDY COATED BEAUTY","7299"
"469216","242661000053360","SQ *GOSQ.COM LOUIS BELLEV","7299"
"00000003286","242661000053360","SQ *SQ *TRANSCO, INC.","4121"
"469216","242661000053360","SQ *BRAGANZA TEA","5499"
"469216","242661000053360","SQ *JASWINDERJIT SINGH","4121"
"00000003286","242661000053360","SQ *SQ *CANTINA LA VEI","5813"
"469216","242661000053360","SQ *CATCH ONE","5813"
"469216","242661000053360","SQ *FABRIANO ITALIA","5691"
"469216","242661000053360","SQ *THE MOLECULE EFFECT","5814"
"469216","242661000053360","SQ *SIP MATCHA (WESTWOOD)","5814"
"00000003286","242661000053360","SQ     *SQ *BURGERBOX","5814"
"00000003286","242661000053360","SQ     *SQ *SUKI HANA","5812"
"469216","242661000053360","SQ *DAL PLIN","5812"
"00000003286","242661000053360","SQ *SQ *90 SECOND PIZZ","5812"
"00000003286","242661000053360","SQ     *SQ *MANU INC","5812"
"00000003286","242661000053360","SQ *SQ *PENNYLANE COFF","5812"
"469216","242661000053360","SQ *HAPPYJAXX","5411"
"00000003286","242661000053360","SQ *SQ *CIELITO ARTISA","5814"
"00000003286","242661000053360","SQ *SQ *GRANIER BAKERY","5462"
"00000003286","242661000053360","SQ *SQ *MAMMA LEONE BA","5462"
"469216","242661000053360","SQ *WIT FITNESS INC.","5941"
"00000003286","242661000053360","SQ *SQ *MY BUSINESS GO","7299"
"469216","242661000053360","SQ *MJ TAXI","4121"
"00000003286","242661000053360","SQ     *SQ *TAXI TENN","4121"
"00000003286","242661000053360","SQ *SQ *15 MUSIC CITY","4121"
"00000003286","242661000053360","SQ          *SQ *OMAI","5812"
"469216","242661000053360","SQ *JUNZI KITCHEN","5812"
"00000003286","242661000053360","SQ *SQ *SAMOVAR TEA LO","5812"
"469216","242661000053360","SQ *PASTA SISTERS","5812"
"469216","242661000053360","SQ *ROSSOPOMODORO","5812"
"00000003286","242661000053360","SQ *SQ *HARBOR HOUSE G","5999"
"469216","242661000053360","SQ *WAKE & LATE","5812"
"00000003286","242661000053360","SQ *SQ *HARVARD MODEL","5999"
"469216","242661000053360","SQ *34TH BAGEL & MORE8254","5812"
"469216","242661000053360","SQ *FLYWHEEL","4121"
"00000003286","242661000053360","SQ *SQ *HAMPTONS TRANS","4121"
"00000003286","242661000053360","SQ *SQ *SOBE MIAMI TOU","7991"
"469216","242661000053360","SQ *BIG COLOR GROUP INC.","5691"
"00000003286","242661000053360","SQ *SQ *JONATHAN S FRE","5411"
"00000003286","242661000053360","SQ *SQ *ALFRED COFFEE","5814"
"469216","242661000053360","SQ *BUTTERFIELD CATERING","5811"
"00000003286","242661000053360","SQ *SQ *CANTINA LA VEI999 Brickell Bay Drive                          Miami        33131     FL USA","5813"
"469216","242661000053360","SQ *UBATUBA ACAI BOWL","5812"
"00000003286","242661000053360","SQ *SQ *THE PASTA SHOP","5812"
"00000003286","242661000053360","SQ          *SQ *FILAG","5812"
"00000003286","242661000053360","SQ *SQ *LA CHULA - GRA","5812"
"00000003286","242661000053360","SQ *SQ *BEAN & BARLEY","5814"
"469216","242661000053360","SQ *BUTTERCUP BAKE SHOP","5462"
"469216","242661000053360","SQ *LA SANTA TAQUERIA 1 L","5814"
"469216","242661000053360","SQ *DANIEL MORA","7230"
"469216","242661000053360","SQ *COMPASS COFFEE","5814"
"00000003286","242661000053360","SQ          *SQ *VFILE","5691"
"00000003286","242661000053360","SQ *SQ *03 FITNESS EQU7231 Maplecrest Road                            Fort Wayne   46835     IN USA","5941"
"00000003286","242661000053360","SQ *SQ *MITT FITT LLC","7997"
"469216","242661000053360","SQ *GLOWNUDE","7299"
"469216","242661000053360","SQ *SOUL TAXI","4121"
"469216","242661000053360","SQ *UNIVERSAL AIRPORT TAX","4121"
"00000003286","242661000053360","SQ *SQ *VARIETY COFFEE","5499"
"00000003286","242661000053360","SQ          *SQ *DOUGH","5499"
"00000003286","242661000053360","SQ          *SQ *GEMYS","5812"
"00000003286","242661000053360","SQ *SQ *MIAMI BEACH IY","8099"
"00000003286","242661000053360","SQ *SQ *STACY LENNY, H","8099"
"00000003286","242661000053360","SQ *SQ *FRENCH BROAD C","5812"
"469216","242661000053360","SQ *COFFEE CAT COFFEEHOUS","5812"
"469216","242661000053360","SQ *TAZIKIS MEDITERRANEAN","5812"
"469216","242661000053360","SQ *GOSQ.COM KAZI MEHEDI","7299"
"469216","242661000053360","SQ *MY BUSINESS GOSQ.COM","7299"
"00000003286","242661000053360","SQ          *SQ *VOLT","5732"
"469216","242661000053360","SQ *JERSEY LIMO, INC /DBA","4121"
"469216","242661000053360","SQ *TURQUOISE TRADE LLC","5732"
"00000003286","242661000053360","SQ     *SQ *BLACK CAR","4121"
"00000003286","242661000053360","SQ *SQ *MIRZA NABEEL A","4121"
"469216","242661000053360","SQ *RANVIR","4121"
"00000003286","242661000053360","SQ *SQ *CABRERA S LUXU","4121"
"469216","242661000053360","SQ *THESPIAN JOURNEY","8398"
"469216","242661000053360","SQ *GIRL SCOUT TROOP 1302","8398"
"00000003286","242661000053360","SQ *SQ *THE HOLLYWOOD","7991"
"469216","242661000053360","SQ *175 VARICK-SEVEN GRAM","5814"
"00000003286","242661000053360","SQ *SQ *MARKET SQUARE","5814"
"469216","242661000053360","SQ *CAFE POUPON","5462"
"469216","242661000053360","SQ *BACKYARD BREW PALO AL","5814"
"00000003286","242661000053360","SQ *SQ *COPPER THROAT","8999"
"00000003286","242661000053360","SQ *SQ *MUMY ROOM MIAM","5691"
"00000003286","242661000053360","SQ *SQ *ANTIGUA COLLEC","5691"
"00000003286","242661000053360","SQ *SQ *ESCHER EXHIBIT","7333"
"469216","242661000053360","SQ *MY PIE PIZZERIA ROMAN","5812"
"469216","242661000053360","SQ *AMERICAN PRIDE SEAFOO","5411"
"00000003286","242661000053360","SQ *SQ *ALEXANDER BRAU","7230"
"00000003286","242661000053360","SQ *SQ *KONA COFFEE AN","5814"
"00000003286","242661000053360","SQ     *SQ *SEVENDAYS","5814"
"469216","242661000053360","SQ *DEEPLY COFFEE COMPANY","5814"
"00000003286","242661000053360","SQ     *SQ *CAFE MILAN","5814"
"469216","242661000053360","SQ *CAFE LEON DORE","5814"
"00000003286","242661000053360","SQ     *SQ *POD CAFE","5814"
"469216","242661000053360","SQ *NOODLEGIRL","5811"
"00000003286","242661000053360","SQ *SQ *RETAIL DISCOUN","5399"
"00000003286","242661000053360","SQ          *SQ *DACHA","5712"
"00000003286","242661000053360","SQ *SQ *SOUTH FLORIDA","7011"
"469216","242661000053360","SQ *KELLY'S CAJUN GRILL","5812"
"00000003286","242661000053360","SQ *SQ *DA CAPO CORP","5812"
"00000003286","242661000053360","SQ     *SQ *SOMA EATS","5812"
"00000003286","242661000053360","SQ *SQ *PACIFIC'O REST","5812"
"469216","242661000053360","SQ *DAVIDOVICH @ BLUE MOO","5499"
"00000003286","242661000053360","SQ *SQ *GOFISH SUSHI B","5499"
"00000003286","242661000053360","SQ *SQ *ZAYAN ART SUPP","7338"
"469216","242661000053360","SQ *REGAL BLACK LIMO","4121"
"00000003286","242661000053360","SQ          *SQ *UVC I","4121"
"00000003286","242661000053360","SQ *SQ *RICY TRANSPORT","4121"
"469216","242661000053360","SQ *CORNER STORE","5499"
"469216","242661000053360","SQ *CELLAIRIS","5732"
"00000003286","242661000053360","SQ     *SQ *BEACHYBEAD","5499"
"469216","242661000053360","SQ *Z","4121"
"469216","242661000053360","SQ *JILLIAN BARTOLOME","5499"
"00000003286","242661000053360","SQ *SQ *NUCHAS GSQ LLC85 West 40th Street                             New York     10018     NY USA","5814"
"469216","242661000053360","SQ *NO.7 JAPANESE FOOD TR","5814"
"469216","242661000053360","SQ *MISS CAFE","5814"
"469216","242661000053360","SQ *FILICORI ZECCHINI - P","5814"
"469216","242661000053360","SQ *TROPIC BURGER LLC","5814"
"00000003286","242661000053360","SQ *SQ *FANATICS RETAI","5691"
"469216","242661000053360","SQ *MELJO INC.","5814"
"469216","242661000053360","SQ *GROTTA AZZURRA IMPORT","5999"
"00000003286","242661000053360","SQ     *SQ *JESSE BOY","5812"
"00000003286","242661000053360","SQ *SQ *BUSHWICK TACO","5812"
"00000003286","242661000053360","SQ     *SQ *MAD BITES","5814"
"00000003286","242661000053360","SQ *SQ *BIG SCOOP ICE","5812"
"00000003286","242661000053360","SQ *SQ *DOLPHINS PLUS,","5999"
"00000003286","242661000053360","SQ *SQ *HOUSING WORKS","5999"
"00000003286","242661000053360","SQ *SQ *PETE'S ON GREE","5812"
"00000003286","242661000053360","SQ *SQ *VENICE CUSTOM","5691"
"00000003286","242661000053360","SQ *SQ *LA BURRITA II","5812"
"00000003286","242661000053360","SQ     *SQ *SIMO PIZZA","5812"
"00000003286","242661000053360","SQ *SQ *DEVOCION | DOW","5812"
"00000003286","242661000053360","SQ *SQ *LUGGAGE WORLD","5999"
"00000003286","242661000053360","SQ *SQ *RED POKE - MID","5812"
"469216","242661000053360","SQ *TOMMYS VALUE","5499"
"00000003286","242661000053360","SQ *SQ *WEST 44TH STRE","5499"
"00000003286","242661000053360","SQ *SQ *MONIZ FAMILY S","5941"
"469216","242661000053360","SQ *EFFORDABLE TRANS","4121"
"00000003286","242661000053360","SQ *SQ *ESTENIO JN BLA","4121"
"00000003286","242661000053360","SQ     *SQ *YALOW TAXI","4121"
"00000003286","242661000053360","SQ *SQ *CITY WIDE CAB","4121"
"00000003286","242661000053360","SQ *SQ *MUSEUM OF ILLU","7991"
"00000003286","242661000053360","SQ *SQ *BLUE BOTTLE CO","5814"
"00000003286","242661000053360","SQ *SQ *STYLE CATERING","5811"
"469216","242661000053360","SQ *ESTEBAN'S PLACE BEACH","5814"
"469216","242661000053360","SQ *ULTRA MUSIC FESTIVAL","5814"
"00000003286","242661000053360","SQ *SQ *INFO@SWEETCORN","5462"
"00000003286","242661000053360","SQ     *SQ *KART KAFE","5814"
"00000003286","242661000053360","SQ     *SQ *THE CIBO","5814"
"00000003286","242661000053360","SQ *SQ *PLANT SHED PRI","5814"
"469216","242661000053360","SQ *FCA SOUTH PAINT CAFE","5814"
"00000003286","242661000053360","SQ     *SQ *HAPPY SOCK","5691"
"00000003286","242661000053360","SQ *SQ *HOUSE OF YES","5813"
"469216","242661000053360","SQ *COWBOY?S LODGE & GRIL","5812"
"00000003286","242661000053360","SQ *SQ *BEN & JERRY'S","5812"
"00000003286","242661000053360","SQ *SQ *THE ROOST OUTP","5691"
"469216","242661000053360","SQ *MYANT PRODUCTIONS","8999"
"00000003286","242661000053360","SQ          *SQ *M&J","5691"
"00000003286","242661000053360","SQ *SQ *MIRROR ON MAIN","7230"
"00000003286","242661000053360","SQ *SQ *THE BAGEL PLAC","5462"
"00000003286","242661000053360","SQ *SQ *LIBERTY BAGELS","5814"
"00000003286","242661000053360","SQ *SQ *CULINARIA EXPR","5814"
"469216","242661000053360","SQ *PHO-JITA FUSION","5814"
"469216","242661000053360","SQ *NOOK COFFEE BAR","5814"
"00000003286","242661000053360","SQ *SQ *LIVE BY THE SW","7299"
"00000003286","242661000053360","SQ     *SQ *BARE CANDL","5999"
"469216","242661000053360","SQ *MOLLAGA INDIAN GRILL","5812"
"00000003286","242661000053360","SQ *SQ *FIA'S FRESH ME","5812"
"469216","242661000053360","SQ *TRECE TAQUERIA","5812"
"00000003286","242661000053360","SQ *SQ *BAO BAO CAFE","5812"
"00000003286","242661000053360","SQ *SQ *19 CLEVELAND","5812"
"469216","242661000053360","SQ *LOVEPOP","5499"
"00000003286","242661000053360","SQ *SQ *WAFELS & DINGE","5499"
"469216","242661000053360","SQ *C & C BUSINESS MULTIS","8931"
"00000003286","242661000053360","SQ *SQ *BROADWAY CAB","4121"
"00000003286","242661000053360","SQ          *SQ *HUBNE","5732"
"00000003286","242661000053360","SQ          *SQ *SHARP","4121"
"00000003286","242661000053360","SQ     *SQ *PIGWIZARD","5499"
"00000003286","242661000053360","SQ *SQ *GOLDEN GATE FO","5499"
"469216","242661000053360","SQ *THE BRANT FOUNDATION","7991"
"469216","242661000053360","SQ *PERFECTBROWS","7230"
"469216","242661000053360","SQ *INTERNATIONAL GUILD O","7929"
"00000003286","242661000053360","SQ *SQ *THE MITCHELL","5813"
"00000003286","242661000053360","SQ *SQ *WYNWOOD FACTOR","5813"
"00000003286","242661000053360","SQ *SQ *FROST ME CAFE","5812"
"00000003286","242661000053360","SQ *SQ *JC SMOOTHIES I","5812"
"469216","242661000053360","SQ *SMILE TO GO FLATIRON","5812"
"00000003286","242661000053360","SQ *SQ *MACARON PARLOU","5812"
"00000003286","242661000053360","SQ *SQ *MONICA DE LA V","7298"
"00000003286","242661000053360","SQ *SQ *CRAFT AXE THRO","7999"
"00000003286","242661000053360","SQ *SQ *PODSHARE INC","8699"
"469216","242661000053360","SQ *BIRD & BRANCH","5814"
"469216","242661000053360","SQ *EDO LITTLE BITES","5814"
"00000003286","242661000053360","SQ *SQ *ROSMAN CO GOSQ175 West Plata Street                           Tucson       85705     AZ USA","7299"
"00000003286","242661000053360","SQ *SQ *GOSQ.COM ZACHA","7299"
"00000003286","242661000053360","SQ *SQ *CHOICE HEALTH","5812"
"469216","242661000053360","SQ *CHILL-N SOUTH BEACH L","5812"
"00000003286","242661000053360","SQ *SQ *CITRA A FRESH 3 Blackfan Street                               Boston       02115     MA USA","5812"
"00000003286","242661000053360","SQ     *SQ *LATIN GRIL","5812"
"00000003286","242661000053360","SQ *SQ *FAST FIRE PIZZ","5812"
"00000003286","242661000053360","SQ     *SQ *SHAKE SHAC2115 Westlake Avenue                            Seattle      98121     WA USA","5812"
"00000003286","242661000053360","SQ     *SQ *ROCKETFIZZ","5999"
"00000003286","242661000053360","SQ *SQ *BLK BROOKLYN","5999"
"00000003286","242661000053360","SQ *SQ *PAVEMENT COFFE","5812"
"469216","242661000053360","SQ *SWEETCATCH POKE","5812"
"469216","242661000053360","SQ *TRAVELJHVC","4121"
"469216","242661000053360","SQ *AUSTIN CAB","4121"
"469216","242661000053360","SQ *RIPPLEWOOD RESORT","5499"
"469216","242661000053360","SQ *THE DOUGHNUT PROJECT","5499"
"469216","242661000053360","SQ *RAMADA PLAZA GIFTSHOP","5499"
"00000003286","242661000053360","SQ *SQ *LE CAFE COFFEE","5499"
"469216","242661000053360","SQ *EMERGENCY MANAGEMENT","7392"
"00000003286","242661000053360","SQ *SQ *YACHTS MIAMI","5813"
"00000003286","242661000053360","SQ *SQ *SEVEN GRAMS CA","5814"
"00000003286","242661000053360","SQ *SQ *PORTOFINO DELI","5814"
"00000003286","242661000053360","SQ *SQ *REUNION BREAD","5462"
"00000003286","242661000053360","SQ *SQ *PASCKY HOUSE I","7230"
"469216","242661000053360","SQ *THE SATELLITE","5813"
"469216","242661000053360","SQ *BAR BELMONT","5813"
"00000003286","242661000053360","SQ *SQ *BANKO CANTINA","5813"
"469216","242661000053360","SQ *DELL'ANIMA","5812"
"00000003286","242661000053360","SQ *SQ *COSTA VERDE VI","8999"
"469216","242661000053360","SQ *FLOWERS BY RICKY","5992"
"00000003286","242661000053360","SQ *SQ *WOODSIDE INTER","8299"
"469216","242661000053360","SQ *STOKED ROASTERS PARK","5814"
"469216","242661000053360","SQ *METROPOLIS COFFEE GT","5814"
"469216","242661000053360","SQ *GLORIA JEANS COFFEES","5814"
"469216","242661000053360","SQ *SNARK PARK","5399"
"00000003286","242661000053360","SQ *SQ *TARTINERY 90 P","5812"
"00000003286","242661000053360","SQ     *SQ *BURGER BOX","5812"
"00000003286","242661000053360","SQ *SQ *KREATIVMNDZ &","7911"
"469216","242661000053360","SQ *NEAPOLITAN EXPRESS","5812"
"00000003286","242661000053360","SQ *SQ *MJS TACO SHOP","5812"
"00000003286","242661000053360","SQ *SQ *SAGE MEDITATIO","5999"
"00000003286","242661000053360","SQ *SQ *NIKMARY PIZZA","5812"
"00000003286","242661000053360","SQ *SQ *PUBLIC - DIEGO","5499"
"469216","242661000053360","SQ *SMART FIX REPAIR CENT","5732"
"469216","242661000053360","SQ *RDU AIRPORT TAXI","4121"
"00000003286","242661000053360","SQ *SQ *ST LOUIS AIRPO","4121"
"00000003286","242661000053360","SQ *SQ *SUNSET BEACH I1301-1479 County Road 865                       Fort Myers Be33931     FL USA","5499"
"469216","242661000053360","SQ *BROADWAY MYRTLE CORP","5813"
"469216","242661000053360","SQ *PORTOFINO MIDTOWN","7230"
"00000003286","242661000053360","SQ *SQ *RISE N GRIND","5814"
"00000003286","242661000053360","SQ     *SQ *BLACK BRIC","5814"
"00000003286","242661000053360","SQ *SQ *LLANERA WOODFI","5814"
"469216","242661000053360","SQ *NATIONAL SHOOTING SPO","8699"
"00000003286","242661000053360","SQ *SQ *TIGHT LINES FL","5941"
"469216","242661000053360","SQ *AFRICAN ART IMPORT","5944"
"00000003286","242661000053360","SQ *SQ *LES MOULINS LA","5462"
"469216","242661000053360","SQ *LATTEART","5814"
"469216","242661000053360","SQ *STONE CREEK COFFEE -","5814"
"00000003286","242661000053360","SQ *SQ *VIDA CONCESSIO","5814"
"00000003286","242661000053360","SQ     *SQ *BS 37 LLC","5811"
"00000003286","242661000053360","SQ     *SQ *AMIRA BAKI","5814"
"00000003286","242661000053360","SQ *SQ *PINEAPPLE BEAC","5999"
"00000003286","242661000053360","SQ *SQ *PANZEROTTI BIT","5812"
"00000003286","242661000053360","SQ *SQ *NOONA NOODLES","5812"
"00000003286","242661000053360","SQ *SQ *CAFE D'AVIGNON","5812"
"00000003286","242661000053360","SQ *SQ *PICK ME UP CHO","5999"
"469216","242661000053360","SQ *GRAND CENTRAL KIOSK","5812"
"469216","242661000053360","SQ *MERCHANT ROOTS","5499"
"00000003286","242661000053360","SQ          *SQ *5STAR","4121"
"00000003286","242661000053360","SQ *SQ *NORIKI IWAKIRI","4121"
"00000003286","242661000053360","SQ *SQ *ALL LIMO SEDAN","4121"
"00000003286","242661000053360","SQ *SQ *SANA NEWS INC","5499"
"469216","242661000053360","SQ *LTS TRANSPORTATION","4121"
"469216","242661000053360","SQ *PROPER FOOD","5499"
"00000003286","242661000053360","SQ *SQ *GOURMET TO GO","5499"
"00000003286","242661000053360","SQ     *SQ *SAMURICE","5812"
"00000003286","242661000053360","SQ *SQ *UPTOWN MARKET JFK Terminal One                                Jamaica      11430     NY USA","5812"
"00000003286","242661000053360","SQ *SQ *ANTHONY PIZZA","5812"
"00000003286","242661000053360","SQ     *SQ *THE WAYLON","5812"
"00000003286","242661000053360","SQ     *SQ *DAL PLIN","5812"
"00000003286","242661000053360","SQ *SQ *THAIMEE MAGIC","5812"
"00000003286","242661000053360","SQ *SQ *HANK'S JUICY B","5812"
"00000003286","242661000053360","SQ     *SQ *HONEYBRAIN","5812"
"00000003286","242661000053360","SQ *SQ *SMITHFIELD HAL","5813"
"00000003286","242661000053360","SQ *SQ *BONNIE S JEWEL","7929"
"00000003286","242661000053360","SQ     *SQ *SURF N SOU","5814"
"469216","242661000053360","SQ *BOTTLE CAP","5691"
"469216","242661000053360","SQ *IANDS VINTAGE","5691"
"00000003286","242661000053360","SQ *SQ *MIAMI FUNER 20","8999"
"00000003286","242661000053360","SQ *SQ *THE FORWARD VI","7929"
"00000003286","242661000053360","SQ *SQ *CANTINA LA VEI1514 Nw 15 Av                                   MIAMI        33125     FL USA","5813"
"00000003286","242661000053360","SQ     *SQ *PEONY NAIL","7230"
"00000003286","242661000053360","SQ *SQ *HAIR BY ISABEL","7230"
"00000003286","242661000053360","SQ *SQ *BAKE CULTURE","5462"
"00000003286","242661000053360","SQ *SQ *ASHMORE HAIR D","7230"
"469216","242661000053360","SQ *GELATERIA GENTILE","5814"
"00000003286","242661000053360","SQ *SQ *ROAD RUNNING W","5814"
"00000003286","242661000053360","SQ *SQ *BOHEMIA TEA PA","5814"
"00000003286","242661000053360","SQ *SQ *OZO COFFEE COM","5814"
"00000003286","242661000053360","SQ *SQ *TITLE TOWN BAR","7230"
"00000003286","242661000053360","SQ *SQ *CARLO'S BAKERY1354 3rd Street Promenade                       Santa Monica 90401     CA USA","5462"
"469216","242661000053360","SQ *FLYWHEEL TAXI SF","8999"
"00000003286","242661000053360","SQ *SQ *YOSHINO TERIYA","5812"
"469216","242661000053360","SQ *FRESCO! CAFE ITALIANO","5812"
"469216","242661000053360","SQ *MARDOCHE TAXI.","4121"
"469216","242661000053360","SQ *ANVI DISEGNO LLC","7372"
"00000003286","242661000053360","SQ     *SQ *BUDS TAXI","4121"
"00000003286","242661000053360","SQ *SQ *LINDARAUL318@G","4121"
"00000003286","242661000053360","SQ *SQ *LUXURY TRAVEL","4121"
"00000003286","242661000053360","SQ *SQ *CHARLEMAGNE PI","4121"
"00000003286","242661000053360","SQ *SQ *ROXBURY MOUNTA71 Broadway                                     New York     10006     NY USA","5499"
"00000003286","242661000053360","SQ          *SQ *Q CAB","4121"
"00000003286","242661000053360","SQ *SQ *LIQUITERIA URB","5499"
"00000003286","242661000053360","SQ *SQ *FRIDA'S FAVORI","5499"
"00000003286","242661000053360","SQ *SQ *305 MIAMI TOUR","4722"
"469216","242661000053360","SQ *SQUARE RECEIPT.","4121"
"00000003286","242661000053360","SQ *SQ *RELIABLE TAXI","4121"
"00000003286","242661000053360","SQ *SQ *RAGE CUSTOM AI","1520"
"469216","242661000053360","SQ *NICOLAS QUINTERO","4121"
"00000003286","242661000053360","SQ          *SQ *SINGH","4121"
"00000003286","242661000053360","SQ *SQ *KURO-OBI AT UR","5812"
"00000003286","242661000053360","SQ *SQ *SOCIETY AMERIC","5812"
"469216","242661000053360","SQ *ROSARITO FRESH MEX. G","5812"
"469216","242661000053360","SQ *GGET ARTS DISTRICT","5999"
"00000003286","242661000053360","SQ     *SQ *CALLE TACO","5812"
"469216","242661000053360","SQ *LABURRITA","5812"
"00000003286","242661000053360","SQ *SQ *WILLOW ROAD PO","5999"
"469216","242661000053360","SQ *POKI DC","5812"
"00000003286","242661000053360","SQ *SQ *NUCHAS GSQ LLC","5814"
"00000003286","242661000053360","SQ *SQ *ROCKETS SHOP","5691"
"469216","242661000053360","SQ *AMBER SEATTLE","5813"
"00000003286","242661000053360","SQ *SQ *PROOF OF THE P","5813"
"469216","242661000053360","SQ *L'ARTE DEL GELATO","5814"
"469216","242661000053360","SQ *THE GREENPOINT PEDDLE","5814"
"469216","242661000053360","SQ *MY OWN BREW LLC","5814"
"00000003286","242661000053360","SQ *SQ *JUST BAKED| NO","5462"
"00000003286","242661000053360","SQ *SQ *4 PAWS COFFEE","5814"
"00000003286","242661000053360","SQ *SQ *MIKES MIX & MA","8999"
"469216","242661000053360","SQ *BIG EARS FESTIVAL","5691"
"469216","242661000053360","SQ *FILAGA","5812"
"469216","242661000053360","SQ *SWEET ROSE CREAMERY -","5812"
"00000003286","242661000053360","SQ *SQ *ROYATLY HEALTH","5999"
"469216","242661000053360","SQ *MAD LAB","5499"
"00000003286","242661000053360","SQ *SQ *M & M VALET SE","4121"
"469216","242661000053360","SQ *WELLNESS GRUB SOUTH B","7299"
"00000003286","242661000053360","SQ *SQ *THE TRUFFLEIST","5499"
"00000003286","242661000053360","SQ *SQ *VIPS TRANSPORT","4121"
"469216","242661000053360","SQ *BS TRANS INC","4121"
"469216","242661000053360","SQ *INTI CUISINE","5812"
"00000003286","242661000053360","SQ *SQ *UPTOWN MARKET JFK International Airport Terminal One          Jamaica      11430     NY USA","5812"
"00000003286","242661000053360","SQ *SQ *CHAMPION PIZZA","5812"
"469216","242661000053360","SQ *AMY'S BREAD MCNY","5999"
"00000003286","242661000053360","SQ *SQ *THE CROSSING R","5812"
"00000003286","242661000053360","SQ *SQ *SEOUL PEPPER","5812"
"00000003286","242661000053360","SQ *SQ *LA TERRAZA GRI","5812"
"469216","242661000053360","SQ *BENTO-GEKO","5812"
"00000003286","242661000053360","SQ *SQ *BOUBLE J TRANS","5697"
"00000003286","242661000053360","SQ *SQ *R & A FOOD SER","5814"
"469216","242661000053360","SQ *DAILY GRIND HOMEWOOD","5814"
"469216","242661000053360","SQ *CHEFS CLUB COUNTER","5812"
"469216","242661000053360","SQ *BOBWHITE COUNTER","5812"
"469216","242661000053360","SQ *JP STREET","5812"
"469216","242661000053360","SQ *MACHETE TACOS @ ONPRE","5999"
"469216","242661000053360","SQ *MAPLE","7929"
"00000003286","242661000053360","SQ *SQ *PACIFIC PARKIN","7996"
"00000003286","242661000053360","SQ     *SQ *RECORD MAR","5192"
"00000003286","242661000053360","SQ *SQ *ESTEBAN'S PLAC","5814"
"00000003286","242661000053360","SQ          *SQ *CAFEZ","5814"
"469216","242661000053360","SQ *TROPICAL COOKIE COMPA","5462"
"00000003286","242661000053360","SQ *SQ *WORLDWIDE BIST","5814"
"00000003286","242661000053360","SQ *SQ *GLAMOUR SALON","7230"
"00000003286","242661000053360","SQ *SQ *175 VARICK-SEV74 Charlton Street                              New York     10014     NY USA","5814"
"00000003286","242661000053360","SQ *SQ *PLANTSHED CAFE","5814"
"00000003286","242661000053360","SQ     *SQ *STAR TAXE","4121"
"00000003286","242661000053360","SQ     *SQ *PUBLIC ART","5499"
"00000003286","242661000053360","SQ *SQ *DOPECANVASLA G","7299"
"00000003286","242661000053360","SQ *SQ *GODIVA CAFE -","5441"
"469216","242661000053360","SQ *SAIGON HOUSE","5812"
"469216","242661000053360","SQ *CAFE D'AVIGNON @ THE","5812"
"00000003286","242661000053360","SQ *SQ *THE DIPLOMAT L","5812"
"00000003286","242661000053360","SQ     *SQ *SCULLERY","5812"
"469216","242661000053360","SQ *THE LATE SHOW INC.","5999"
"00000003286","242661000053360","SQ *SQ *OLDE GOOD THIN","5999"
"469216","242661000053360","SQ *98 NE 2 ND AVE MIAMI","5812"
"00000003286","242661000053360","SQ     *SQ *WHARF DC","5499"
"469216","242661000053360","SQ *GROM CENTURY CITY LLC","5499"
"00000003286","242661000053360","SQ *SQ *OVENLY WILLIAM","5499"
"00000003286","242661000053360","SQ *SQ *ASHENAFI BALCH","4121"
"469216","242661000053360","SQ *TODARO BROTHERS INC.","5499"
"469216","242661000053360","SQ *CO OP","4121"
"00000003286","242661000053360","SQ *SQ *AIRPORT TAXI","4121"
"00000003286","242661000053360","SQ *SQ *SWANTON BERRY","5499"
"00000003286","242661000053360","SQ *SQ *LUEBERRY, LLC 331 East Market Street                          Louisville   40202     KY USA","5499"
"469216","242661000053360","SQ *HARUN NEWSSTAND","5499"
"469216","242661000053360","SQ *SWARM INC","5813"
"469216","242661000053360","SQ *BLACK FOX COFFEE CO","5814"
"469216","242661000053360","SQ *AONTIVEROS562@GMAIL.C","5814"
"00000003286","242661000053360","SQ *SQ *THE PHLUID PRO","5691"
"469216","242661000053360","SQ *AWOKE VINTAGE - 16 BE","5691"
"469216","242661000053360","SQ *BREW COFFEE BAR - SEA","5814"
"00000003286","242661000053360","SQ *SQ *PHIL'S BROOKLY","5813"
"00000003286","242661000053360","SQ     *SQ *BOULEVARD3","5813"
"469216","242661000053360","SQ *PRO SKILLS COURIERS","4214"
"00000003286","242661000053360","SQ *SQ *SEOUL TACO HYD","5812"
"00000003286","242661000053360","SQ *SQ *HOME FRITE DEK","5812"
"00000003286","242661000053360","SQ          *SQ *VEGAS","5999"
"469216","242661000053360","SQ *ARRIVALS EATERY","5812"
"469216","242661000053360","SQ *TARTINERY HUDSON EATS","5812"
"00000003286","242661000053360","SQ *SQ *OAHU MEXICAN G","5812"
"469216","242661000053360","SQ *CORVO COFFEE 8TH AVE","5812"
"469216","242661000053360","SQ *LIGHTHOUSEBK","5812"
"00000003286","242661000053360","SQ *SQ *JAM N BEAN, LL","5812"
"469216","242661000053360","SQ *ROOTS & RYE","5814"
"00000003286","242661000053360","SQ *SQ *ALBERTO & SONS","5712"
"00000003286","242661000053360","SQ *SQ *GYPSY UPCYCLE","5691"
"469216","242661000053360","SQ *HAPPY ROOSTER","5691"
"00000003286","242661000053360","SQ *SQ *SQUISH MARSHMA","5462"
"00000003286","242661000053360","SQ     *SQ *ICRAVE CAF","5814"
"00000003286","242661000053360","SQ *SQ *HEAVEN LEE COL","5499"
"00000003286","242661000053360","SQ *SQ *ORLANDO TRANSP","4121"
"469216","242661000053360","SQ *PRIMO PASSO COFFEE CO","5812"
"469216","242661000053360","SQ *METZ CULINARY MANAGEM","5999"
"00000003286","242661000053360","SQ *SQ *DIVE OAHU & SU","5999"
"00000003286","242661000053360","SQ *SQ *MAMA PHOENIX C","5812"
"469216","242661000053360","SQ *PAVEMENT COFFEEHOUSE","5812"
"00000003286","242661000053360","SQ *SQ *THE GRIND HOUS","5812"
"00000003286","242661000053360","SQ *SQ *MARIA'S FAJITA","5812"
"469216","242661000053360","SQ *BYE BYE CHICAGO","5999"
"00000003286","242661000053360","SQ *SQ *CRAFT & BARREL1433 W Belmont Ave                              CHICAGO      60657     IL USA","5999"
"00000003286","242661000053360","SQ     *SQ *DOLCE MARE","5812"
"00000003286","242661000053360","SQ *SQ *TODARO BROTHER","5999"
"00000003286","242661000053360","SQ *SQ *TMS II V - E &","7941"
"469216","242661000053360","SQ *ALLURESPAGIFTBASKET","7299"
"00000003286","242661000053360","SQ *SQ *IRENEMF73@YAHO","7299"
"469216","242661000053360","SQ *COFFEEBAR MENLO PARK","5499"
"469216","242661000053360","SQ *ANA'S SOUTHERNMOST DE","5499"
"469216","242661000053360","SQ *MIKE HAGOS TAXI","4121"
"00000003286","242661000053360","SQ *SQ *VR 360 ADVENTU","7991"
"469216","242661000053360","SQ *TOP HOPS BEER SHOP","5813"
"00000003286","242661000053360","SQ     *SQ *NAMELESS","5813"
"469216","242661000053360","SQ *JOE & THE JUICE","5814"
"469216","242661000053360","SQ *KONBI","5814"
"00000003286","242661000053360","SQ *SQ *GOFISH BROOKLY","5814"
"469216","242661000053360","SQ *FRESH GARDEN BOWLS","5462"
"00000003286","242661000053360","SQ *SQ *HALL OF FLAME","5814"
"469216","242661000053360","SQ *THE CUP OF GOOD ARTIS","5814"
"469216","242661000053360","SQ *FELIX?S EMPANADAS","5814"
"00000003286","242661000053360","SQ *SQ *TERRANCE WILLI6 North Whitney Street                          St Augustine 32084     FL USA","7230"
"469216","242661000053360","SQ *MACCHIATO ESPRESSO BA","5814"
"469216","242661000053360","SQ *ESTEFAN KITCHEN DESIG","5813"
"469216","242661000053360","SQ *5M SWIM SHOP","5941"
"00000003286","242661000053360","SQ *SQ *LP ESPRESSO WA","5814"
"00000003286","242661000053360","SQ *SQ *GLORY HOLE HOT","5814"
"00000003286","242661000053360","SQ     *SQ *ROOTS & RY","5814"
"469216","242661000053360","SQ *GELATO & CO., INC.","5814"
"469216","242661000053360","SQ *CIMMINO LLC","5812"
"00000003286","242661000053360","SQ     *SQ *MOMENTEA","5812"
"00000003286","242661000053360","SQ          *SQ *LE TH","5812"
"469216","242661000053360","SQ *TARTINERY GRAND CENTR","5812"
"00000003286","242661000053360","SQ     *SQ *ROBIN RUTH","5691"
"00000003286","242661000053360","SQ *SQ *MATCHLESS LOND","5691"
"469216","242661000053360","SQ *MAMMA LEONE BAKERY","5462"
"00000003286","242661000053360","SQ          *SQ *SHUTE","5814"
"00000003286","242661000053360","SQ     *SQ *NIMROD COQ","4121"
"00000003286","242661000053360","SQ *SQ *SYNERGY RESEAR","7392"
"469216","242661000053360","SQ *WAFELS & DINGES","5499"
"00000003286","242661000053360","SQ *SQ *SOH6403@GMAIL.","5999"
"00000003286","242661000053360","SQ          *SQ *DORAD","5812"
"469216","242661000053360","SQ *JETTA THAI","5812"
"00000003286","242661000053360","SQ          *SQ *FISH","5812"
"469216","242661000053360","SQ *THE BOOK TRADER CAFE,","5812"
"469216","242661000053360","SQ *LITTLE BRANCH","5812"
"469216","242661000053360","SQ *PITRUCO PIZZA","5812"
"00000003286","242661000053360","SQ *SQ *OREN'S COFFEE","5812"
"469216","242661000053360","SQ *ITALIAN COLLECTIVE","5999"
"469216","242661000053360","SQ *ECO J BEER & FINE WIN","5712"
"469216","242661000053360","SQ *LAUNDRE","7216"
"469216","242661000053360","SQ *GOFISH SUSHI BOX","5499"
"00000003286","242661000053360","SQ     *SQ *OB BEANS","5499"
"469216","242661000053360","SQ *MLB FAIRWINDS","5499"
"469216","242661000053360","SQ *SOUTHERN BELLES BBQ","5499"
"469216","242661000053360","SQ *MY BUSINESS","4121"
"00000003286","242661000053360","SQ *SQ *MALEKO COFFEE","5499"
"469216","242661000053360","SQ *TENNCAB COMPANY","4121"
"469216","242661000053360","SQ *SPRING LOUNGE","5813"
"469216","242661000053360","SQ *LITTLE COLLINS","5814"
"00000003286","242661000053360","SQ     *SQ *DOLLOP HQ","5814"
"00000003286","242661000053360","SQ     *SQ *GRAN CAFE","5814"
"00000003286","242661000053360","SQ *SQ *DEJA BREW LOUN","5814"
"00000003286","242661000053360","SQ *SQ *LITTLE COLLINS","5814"
"00000003286","242661000053360","SQ *SQ *HUMPHREYS STRE","5814"
"00000003286","242661000053360","SQ          *SQ *UNODE","5944"
"00000003286","242661000053360","SQ     *SQ *IKU SUSHI","5812"
"469216","242661000053360","SQ *FIA'S FRESH MEALS","5812"
"00000003286","242661000053360","SQ *SQ *OOTOYA CHELSEA","5812"
"00000003286","242661000053360","SQ *SQ *CORVO COFFEE 9","5812"
"469216","242661000053360","SQ *THAI BISTRO","5812"
"00000003286","242661000053360","SQ     *SQ *MAYHAW MIA","5812"
"00000003286","242661000053360","SQ *SQ *MADE IN KC CAF","5814"
"00000003286","242661000053360","SQ *SQ *PRATO BAKERY H","5462"
"00000003286","242661000053360","SQ     *SQ *BAKER DUDE","5462"
"469216","242661000053360","SQ *SPRIS PIZZA WHARF","5814"
"469216","242661000053360","SQ *COMICS & ANIME","5192"
"00000003286","242661000053360","SQ *SQ *CHILLHOUSE LLC","5814"
"469216","242661000053360","SQ *MY NYC FAVORITE DRIVE","8999"
"469216","242661000053360","SQ *ALEXANDRIA UNION CAB","4121"
"00000003286","242661000053360","SQ *SQ *JEREMIE TAXI I","4121"
"00000003286","242661000053360","SQ *SQ *DANIEL'S GRILL","5812"
"469216","242661000053360","SQ *CHENGDU HOUSE","5812"
"00000003286","242661000053360","SQ *SQ *GOLDIE3, LLC","5812"
"00000003286","242661000053360","SQ *SQ *WHOLE HEART PR","5812"
"469216","242661000053360","SQ *LUGGAGE OUTLET ORLAND","5999"
"469216","242661000053360","SQ *LAMY - NY","5999"
"00000003286","242661000053360","SQ *SQ *MACHETE TACOS","5812"
"469216","242661000053360","SQ *COCOBLUES","5999"
"00000003286","242661000053360","SQ *SQ *PAPATZUL LLC","5812"
"00000003286","242661000053360","SQ *SQ *SIP N  SAVOR","5812"
"00000003286","242661000053360","SQ *SQ *AL'S CAFE TECH","5812"
"00000003286","242661000053360","SQ *SQ *SALON DESIGN","5712"
"00000003286","242661000053360","SQ *SQ *CHOCOLATE MANO","5499"
"469216","242661000053360","SQ *AYAD NIMIR","4121"
"00000003286","242661000053360","SQ *SQ *RIPPLEWOOD RES","5499"
"00000003286","242661000053360","SQ *SQ *KB CONCESSIONS","5499"
"00000003286","242661000053360","SQ *SQ *STAR UNION SPI","5499"
"469216","242661000053360","SQ *INFINITE VR","5732"
"469216","242661000053360","SQ *JULES KITCHEN","7991"
"469216","242661000053360","SQ *EZ TRAVELLER LLC","7991"
"00000003286","242661000053360","SQ *SQ *THE STANDARD,","5813"
"469216","242661000053360","SQ *NIGHT LIZARD BREWING","5813"
"00000003286","242661000053360","SQ     *SQ *REBECCA'S","5813"
"00000003286","242661000053360","SQ *SQ *VENCHI 2 LLC","5814"
"469216","242661000053360","SQ *MAGLIA ROSA INDUSTRY","5814"
"00000003286","242661000053360","SQ     *SQ *ROAST & CO","5814"
"469216","242661000053360","SQ *RISTORANTE MILANO","5812"
"00000003286","242661000053360","SQ     *SQ *KITH TREAT","5812"
"00000003286","242661000053360","SQ     *SQ *SAVOR + SI","5814"
"00000003286","242661000053360","SQ *SQ *PATISSERIE DEL","5814"
"00000003286","242661000053360","SQ *SQ *AXUM COFFEE CA","5814"
"00000003286","242661000053360","SQ *SQ *MASSERIA CAFFE","5462"
"469216","242661000053360","SQ *BREWED AWAKENINGS COF","5814"
"00000003286","242661000053360","SQ *SQ *DARSHAN BAKERY","5814"
"00000003286","242661000053360","SQ *SQ *BROTHERS K COF","5814"
"00000003286","242661000053360","SQ *SQ *PERFECT BROWS","7230"
"00000003286","242661000053360","SQ *SQ *WORD OF MOUTH","5814"
"469216","242661000053360","SQ *GOSQ.COM AURELIO LIRA","7299"
"00000003286","242661000053360","SQ *SQ *TARTINERY GRAN","5812"
"00000003286","242661000053360","SQ *SQ *AVENA DOWNTOWN","5812"
"469216","242661000053360","SQ *ROYAL SUNGLASSES INC","5999"
"00000003286","242661000053360","SQ     *SQ *SS HOBOKEN","5812"
"00000003286","242661000053360","SQ *SQ *MIDWOOD FLATS","5812"
"00000003286","242661000053360","SQ          *SQ *MAKIT","5812"
"469216","242661000053360","SQ *MBD MIAMI","8099"
"00000003286","242661000053360","SQ *SQ *CONQUISTADOR C","5999"
"00000003286","242661000053360","SQ *SQ *AMY'S BREAD MC","5999"
"00000003286","242661000053360","SQ *SQ *AVOCADERIA 11","5812"
"469216","242661000053360","SQ *KLIX ROLLED ICE CREAM","5812"
"469216","242661000053360","SQ *CH PRIVATE CLIENT","5999"
"00000003286","242661000053360","SQ     *SQ *MIN AND MO","5691"
"469216","242661000053360","SQ *RARE PAIR","5691"
"469216","242661000053360","SQ *THREE SISTER SPRINGS","8999"
"00000003286","242661000053360","SQ *SQ *MICRONUMBING  856 WEST AVE                                    gosq.com     19064     PA USA","7299"
"469216","242661000053360","SQ *IR INTERNATIONAL","4121"
"469216","242661000053360","SQ *NELSON.NYC.TRANS.","4121"
"00000003286","242661000053360","SQ *SQ *RANVEER WIRELE","5732"
"00000003286","242661000053360","SQ *SQ *TRENDY TRACE I","8043"
"00000003286","242661000053360","SQ *SQ *MILWAUKEE CITY","4121"
"469216","242661000053360","SQ *KEY WEST FISH & CHIPS","5499"
"00000003286","242661000053360","SQ *SQ *FIVE SIXES TAX","4121"
"469216","242661000053360","SQ *OMAR 24/7 SUV & BLACK","4121"
"469216","242661000053360","SQ *JOSEPH","4121"
"469216","242661000053360","SQ *IPLUS","8999"
"00000003286","242661000053360","SQ *SQ *DOWNTOWN MARKE","5812"
"469216","242661000053360","SQ *FEGES BBQ","5812"
"00000003286","242661000053360","SQ     *SQ *DIOR CAFE","5812"
"469216","242661000053360","SQ *METZ CULINARY MANAGEM","5812"
"00000003286","242661000053360","SQ *SQ *ARRIVALS EATER","5812"
"00000003286","242661000053360","SQ *SQ *KREUZBERG CALI500-598 Marsh Street                            San Luis Obis93401     CA USA","5814"
"00000003286","242661000053360","SQ *SQ *MAH-ZE-DAHR BA","5811"
"469216","242661000053360","SQ *SEVEN GRAMS CAFFE","5814"
"469216","242661000053360","SQ *KOPELANI COFFEE SHOP","5814"
"00000003286","242661000053360","SQ *SQ *PJ'S COFFEE OF","5814"
"00000003286","242661000053360","SQ *SQ *HOLLYWOOD 2002","7230"
"00000003286","242661000053360","SQ *SQ *MOUNTAIN MOKA","5814"
"00000003286","242661000053360","SQ *SQ *BLANC DU NIL","5691"
"00000003286","242661000053360","SQ *SQ *DENIM REVIVAL","8999"
"00000003286","242661000053360","SQ *SQ *DOLCE AT THE I","5499"
"469216","242661000053360","SQ *BI-RITE CREAMERY","5499"
"469216","242661000053360","SQ *CONLIN'S CAFE & BAKER","5812"
"00000003286","242661000053360","SQ *SQ *CIBODIVINO MAR","5812"
"00000003286","242661000053360","SQ          *SQ *REYNA","5812"
"00000003286","242661000053360","SQ *SQ *MIKKELLER BREW","5999"
"469216","242661000053360","SQ *WINDY TIME LLC","5999"
"00000003286","242661000053360","SQ *SQ *ALFONSO GUEVAR","4121"
"00000003286","242661000053360","SQ *SQ *JR PERSONAL DR","4121"
"00000003286","242661000053360","SQ     *SQ *YOGURT IN","5499"
"00000003286","242661000053360","SQ *SQ *UNIQUE TRANSPO","4121"
"00000003286","242661000053360","SQ *SQ *LUXURY CAR LIM","4121"
"00000003286","242661000053360","SQ *SQ *RR RIDE SERVIC","4121"
"00000003286","242661000053360","SQ          *SQ *LA TA","4121"
"00000003286","242661000053360","SQ *SQ *27COLONY ST TA","4121"
"469216","242661000053360","SQ *MAMOUN","4121"
"00000003286","242661000053360","SQ *SQ *ASSN. OF VOLUN","8398"
"00000003286","242661000053360","SQ     *SQ *RUHSTALLER","5813"
"469216","242661000053360","SQ *FICTION COFFEE","5814"
"00000003286","242661000053360","SQ *SQ *ROYATLY HEALTH","5945"
"469216","242661000053360","SQ *DORADO","5812"
"469216","242661000053360","SQ *OCAFE","5812"
"00000003286","242661000053360","SQ *SQ *HAIR AND MAKEU","7230"
"00000003286","242661000053360","SQ     *SQ *WILLOW S","5462"
"00000003286","242661000053360","SQ *SQ *KURO KUMA ESPR","5814"
"469216","242661000053360","SQ *PEONY NAIL","7230"
"469216","242661000053360","SQ *GREEK DELIGHTS","5814"
"469216","242661000053360","SQ *HUIJUAN BUBBLE TEA IN","5814"
"00000003286","242661000053360","SQ *SQ *CAFFE BENE BOS","5814"
"469216","242661000053360","SQ *JACK AND BILL LLC","5691"
"469216","242661000053360","SQ *DOG EARED BOOKS CASTR","5192"
"00000003286","242661000053360","SQ *SQ *BENTLEY BAY CO","6513"
"00000003286","242661000053360","SQ     *SQ *TAXI4LESS","4121"
"469216","242661000053360","SQ *ANTHEM COFFEE AND TEA","5812"
"469216","242661000053360","SQ *ITAMAE","5812"
"469216","242661000053360","SQ *RIVER CITY HOBBIES","5999"
"00000003286","242661000053360","SQ *SQ *PUBLIC HOTELS","5999"
"469216","242661000053360","SQ *VAN LEEUWEN ICE CREAM","5812"
"469216","242661000053360","SQ *BEN & JERRY'S @ GRAND","5812"
"469216","242661000053360","SQ *CELL X SPOT","5999"
"469216","242661000053360","SQ *LA PARISIENNE FRENCH","5499"
"00000003286","242661000053360","SQ          *SQ *SF TA","4121"
"00000003286","242661000053360","SQ *SQ *POWERFILM INC.","5732"
"00000003286","242661000053360","SQ *SQ *BALDUS HORSEMA","7392"
"00000003286","242661000053360","SQ *SQ *EXECUTIVE LUXU","4121"
"469216","242661000053360","SQ *WILLIAM TAXI SERVICE","4121"
"00000003286","242661000053360","SQ *SQ *CHAMPION COFFE","5499"
"469216","242661000053360","SQ *MAX AMG CORP NYC TAXI","4121"
"469216","242661000053360","SQ *NATIONAL TAXI","4121"
"469216","242661000053360","SQ *F S CAB","4121"
"00000003286","242661000053360","SQ *SQ *PARAMOUNT PRES","7333"
"469216","242661000053360","SQ *KSUAA","7929"
"00000003286","242661000053360","SQ *SQ *BOBWHITE COUNT","5812"
"00000003286","242661000053360","SQ          *SQ *IDES","5812"
"469216","242661000053360","SQ *AR ESPANOLA LLC","5812"
"00000003286","242661000053360","SQ *SQ *DOWNTOWN COFFE","5812"
"469216","242661000053360","SQ *BLACKSEED BROADWAY","5812"
"00000003286","242661000053360","SQ     *SQ *KIM + ONO","5691"
"00000003286","242661000053360","SQ     *SQ *MENSADRIVE","4121"
"469216","242661000053360","SQ *THE TAVERN BAR","5499"
"469216","242661000053360","SQ *432HOUSE","5814"
"00000003286","242661000053360","SQ *SQ *LAGUNA RESTAUR","5812"
"469216","242661000053360","SQ *HEALTHY DELIGHTS II,L","5812"
"00000003286","242661000053360","SQ *SQ *SURYA INDIAN E","5812"
"00000003286","242661000053360","SQ     *SQ *BENTO SUSH","5812"
"00000003286","242661000053360","SQ *SQ *ALL AROUND ORG","5812"
"00000003286","242661000053360","SQ *SQ *LOLO CAFE LLC","5812"
"00000003286","242661000053360","SQ *SQ *OLD TOWN PIZZA","5812"
"469216","242661000053360","SQ *POUR LAMOUR COLLECTIO","5999"
"00000003286","242661000053360","SQ *SQ *NEW STAND B12","5999"
"00000003286","242661000053360","SQ *SQ *CAFFE ANTICO","5812"
"00000003286","242661000053360","SQ *SQ *BOJANINI ART G","7333"
"00000003286","242661000053360","SQ *SQ *VIVI BUBBLE TE","5814"
"00000003286","242661000053360","SQ *SQ *CAFE BON AMI,","5814"
"00000003286","242661000053360","SQ *SQ *PABADE BAKERY","5462"
"469216","242661000053360","SQ *WEIRD WAVE COFFEE BRE","5814"
"00000003286","242661000053360","SQ *SQ *F & D CAFE COR","5814"
"469216","242661000053360","SQ *PAT KEY POINT ACADEMY","8299"
"00000003286","242661000053360","SQ *SQ *YANNI'S COFFEE","5814"
"00000003286","242661000053360","SQ *SQ *MUHAMMAD ARSHA","4121"
"00000003286","242661000053360","SQ *SQ *MEKONEN G WELD","4121"
"00000003286","242661000053360","SQ *SQ *SERGIOSLIMOUSI","4121"
"00000003286","242661000053360","SQ *SQ *SERVICE & SOLU","7392"
"469216","242661000053360","SQ *HOUSE OF YES","5813"
"00000003286","242661000053360","SQ     *SQ *BIERWAX LL","5813"
"00000003286","242661000053360","SQ *SQ *JOR WEAR INC","5691"
"469216","242661000053360","SQ *TAKEON","5691"
"469216","242661000053360","SQ *UPTOWN MARKET GATE 8","5812"
"469216","242661000053360","SQ *VERVE COFFEE ROASTERS","5812"
"469216","242661000053360","SQ *MYAPAPAYA ON THE RIVE","5812"
"00000003286","242661000053360","SQ *SQ *PIZZA SQUARED","5812"
"00000003286","242661000053360","SQ *SQ *SIMPLY SEATTLE","5691"
"469216","242661000053360","SQ *MUMY ROOM MIAMI","5691"
"469216","242661000053360","SQ *COMMERCIAL SPACEFLIGH","8999"
"00000003286","242661000053360","SQ *SQ *C&D BOATS04 LL","8999"
"00000003286","242661000053360","SQ *SQ *ATX COOP TAXI","4121"
"00000003286","242661000053360","SQ          *SQ *TAXI","4121"
"00000003286","242661000053360","SQ *SQ *ARCO MANCHESTE605 East Manchester Boulevard                   Inglewood    90301     CA USA","5499"
"00000003286","242661000053360","SQ *SQ *DANIEL HAILE","4121"
"469216","242661000053360","SQ *YELLOW CAB","4121"
"469216","242661000053360","SQ *BEST RENT","4121"
"00000003286","242661000053360","SQ *SQ *CARLO'S BAKERY","5462"
"00000003286","242661000053360","SQ     *SQ *SENSIBLE","5812"
"00000003286","242661000053360","SQ *SQ *LAS COSINERAS","5999"
"00000003286","242661000053360","SQ *SQ *PLANT SHED PRI","5999"
"00000003286","242661000053360","SQ     *SQ *COCOBLUES","5999"
"00000003286","242661000053360","SQ     *SQ *WIKIWIKI","5812"
"469216","242661000053360","SQ *INDABA NETTLETON","5812"
"469216","242661000053360","SQ *TRINITI ECHO PARK","5814"
"00000003286","242661000053360","SQ *SQ *NOBLETREE COFF","5814"
"00000003286","242661000053360","SQ *SQ *LASSEN & HENNI","5411"
"00000003286","242661000053360","SQ *SQ *CHARLESTOWN TE","5814"
"00000003286","242661000053360","SQ *SQ *TORI CELINA BE","7230"
"469216","242661000053360","SQ *LEGACY HOMESTEAD, LLC","5499"
"469216","242661000053360","SQ *YACHTS MIAMI","5813"
"00000003286","242661000053360","SQ *SQ *ZIONS MOST WAN","7991"
"00000003286","242661000053360","SQ          *SQ *DEVAD","5944"
"00000003286","242661000053360","SQ     *SQ *THE PALACE","5813"
"469216","242661000053360","SQ *CARLO'S BAKERY TIMES","5462"
"00000003286","242661000053360","SQ *SQ *CAFFE FIGURATI","5814"
"00000003286","242661000053360","SQ *SQ *RALPH'S COFFEE","5999"
"00000003286","242661000053360","SQ *SQ *DRAGON HERBS","5999"
"469216","242661000053360","SQ *IL BUCO ALIMENTARI &","5812"
"00000003286","242661000053360","SQ *SQ *OOTOYA TIMES S","5812"
"469216","242661000053360","SQ *COMPTRAIN","8099"
"469216","242661000053360","SQ *SF WATER TAXI","7991"
"469216","242661000053360","SQ *JUANKADELIGHTS","7299"
"00000003286","242661000053360","SQ     *SQ *VEGGIE FAM","5814"
"00000003286","242661000053360","SQ *SQ *CAFFE TORINO","5814"
"00000003286","242661000053360","SQ *SQ *ALIBABAS FUSIO","5814"
"469216","242661000053360","SQ *FLYING BUFFALO","5814"
"00000003286","242661000053360","SQ     *SQ *PULQUERIA","5811"
"00000003286","242661000053360","SQ     *SQ *HAPPY SOCK60 Spring Street                                New York     10012     NY USA","5691"
"469216","242661000053360","SQ *CG PHOTOGRAPHY","8999"
"00000003286","242661000053360","SQ *SQ *SUNSET VIEW IN","8999"
"469216","242661000053360","SQ *TRUE JOY WOMAN","5691"
"00000003286","242661000053360","SQ *SQ *CHAD CENTRAL P","7299"
"469216","242661000053360","SQ *HOLE IN THE WALL CAFE","5812"
"00000003286","242661000053360","SQ *SQ *MAURA'S ROTISS","5812"
"00000003286","242661000053360","SQ *SQ *THE DUMPLING S","5812"
"469216","242661000053360","SQ *DEUS EX MACHINA MOTOR","5812"
"00000003286","242661000053360","SQ *SQ *PRESS WATERFRO","5812"
"00000003286","242661000053360","SQ *SQ *BOND PARTY SUP","5992"
"00000003286","242661000053360","SQ *SQ *EFRAIN TRANSPO","4121"
"469216","242661000053360","SQ *225 MARKET INC","5499"
"00000003286","242661000053360","SQ     *SQ *SIGMA TAXI","4121"
"469216","242661000053360","SQ *BRIGHTLINE TRAINS ONB","5813"
"00000003286","242661000053360","SQ     *SQ *ABL STUDIO","7230"
"469216","242661000053360","SQ *F & D CAFE CORP","5814"
"00000003286","242661000053360","SQ *SQ *BUTTERFIELD CA","5811"
"00000003286","242661000053360","SQ *SQ *MIAMI COLLECTI","5691"
"469216","242661000053360","SQ *VENICE CUSTOM","5691"
"00000003286","242661000053360","SQ *SQ *AR ESPANOLA LL","5812"
"469216","242661000053360","SQ *AMY'S BREAD","5999"
"00000003286","242661000053360","SQ *SQ *SALT & STRAW","5812"
"00000003286","242661000053360","SQ *SQ *GREENWELL RECO","7929"
"00000003286","242661000053360","SQ *SQ *BETSY ROSS OWN1530 Washington Avenue                          Miami Beach  33139     FL USA","5813"
"00000003286","242661000053360","SQ     *SQ *THE ALLEY","5992"
"469216","242661000053360","SQ *YALIS AT QUALCOMM","5814"
"469216","242661000053360","SQ *LLANERA WOODFIRED MEA","5814"
"00000003286","242661000053360","SQ *SQ *L'ARTE DEL GEL","5814"
"00000003286","242661000053360","SQ *SQ *TENOCH MEDFORD","5814"
"00000003286","242661000053360","SQ *SQ *JOE & THE JUIC100 Chopin Plaza                                Miami        33131     FL USA","5814"
"469216","242661000053360","SQ *CARLO'S BAKERY LAS VE","5462"
"00000003286","242661000053360","SQ     *SQ *LE BOWTIQU286 Northeast 2nd Street                        Miami        33132     FL USA","5691"
"00000003286","242661000053360","SQ *SQ *DR. REPAIR CEL","5691"
"00000003286","242661000053360","SQ *SQ *FRIENDLY TAXI","4121"
"00000003286","242661000053360","SQ *SQ *III ELEPHANTS","5399"
"00000003286","242661000053360","SQ *SQ *TUFLORIDARENTA","7299"
"469216","242661000053360","SQ *THE CROSSING RESTAURA","5812"
"00000003286","242661000053360","SQ     *SQ *LIGHTEN UP","5999"
"00000003286","242661000053360","SQ *SQ *COCOA GRINDER","5812"
"469216","242661000053360","SQ *TAXI","4121"
"469216","242661000053360","SQ *REMNANT BREWING","5499"
"469216","242661000053360","SQ *TAX COOP TAXI","4121"
"469216","242661000053360","SQ *CAFE ZAIYA","5499"
"00000003286","242661000053360","SQ     *SQ *GELATAIO","5499"
"469216","242661000053360","SQ *TIM'S PENSACOLA TAXI","4121"
"469216","242661000053360","SQ *GOLDEN AGE","4121"
"00000003286","242661000053360","SQ     *SQ *EMERAL CAP","4121"
"00000003286","242661000053360","SQ *SQ *MIA SHOETIQUE","5691"
"469216","242661000053360","SQ *MAH-ZE-DAHR BAKERY AT","5811"
"00000003286","242661000053360","SQ *SQ *KIKA HAIR DESI","7230"
"00000003286","242661000053360","SQ *SQ *KING'S STREET","5814"
"00000003286","242661000053360","SQ *SQ *MISTER BOMBOLO","5462"
"469216","242661000053360","SQ *DASHING DIGITS-KENNES","7230"
"00000003286","242661000053360","SQ     *SQ *SHAKE SHAC","5812"
"00000003286","242661000053360","SQ     *SQ *AMY'S BREA","5999"
"00000003286","242661000053360","SQ *SQ *MR. BARTLEY S","5812"
"00000003286","242661000053360","SQ *SQ *GROTTA AZZURRA","5999"
"00000003286","242661000053360","SQ *SQ *BRIGHTLINE TRA","5813"
"469216","242661000053360","SQ *CANYON 66 RESTAURANT","5813"
"00000003286","242661000053360","SQ *SQ *FILICORI-ZECCH","5814"
"00000003286","242661000053360","SQ *SQ *EILEEN'S SPECI","5462"
"469216","242661000053360","SQ *KING STREET COFFEE","5814"
"469216","242661000053360","SQ *MANHATTAN POP","5462"
"469216","242661000053360","SQ *TOAST&MORE","5462"
"00000003286","242661000053360","SQ *SQ *THE BLACK FORE","5814"
"00000003286","242661000053360","SQ *SQ *IRON FROG FINE","8999"
"00000003286","242661000053360","SQ *SQ *SALMAN KHALID","4121"
"00000003286","242661000053360","SQ *SQ *DIMENSIONS DOO","7299"
"00000003286","242661000053360","SQ *SQ *ICE CREAM RIOT","5812"
"469216","242661000053360","SQ *DEELUXE CHICKEN","5812"
"469216","242661000053360","SQ *HOT LIME","5812"
"00000003286","242661000053360","SQ *SQ *THIRTEEN CROSB","5999"
"00000003286","242661000053360","SQ *SQ *SUN S UP HAWAI","5812"
"469216","242661000053360","SQ *MOUNTAIN MEMORIES","5999"
"00000003286","242661000053360","SQ *SQ *VLC UPPER WEST","5812"
"00000003286","242661000053360","SQ *SQ *FLAGSTAFF CHOC","5499"
"00000003286","242661000053360","SQ *SQ *SAN FRANCISCO","4121"
"469216","242661000053360","SQ *LOPEZ TRANSPORTE","4121"
"00000003286","242661000053360","SQ     *SQ *ADOO LIMO","4121"
"00000003286","242661000053360","SQ *SQ *LIMOUSINE TAXI","4121"
"469216","242661000053360","SQ *CHAD LEFKOWITZ-BROWN","7929"
"00000003286","242661000053360","SQ *SQ *THE CABANAS GU","5813"
"469216","242661000053360","SQ *VRPODSCAPE","7991"
"00000003286","242661000053360","SQ *SQ *TEA MASTER MAT","5814"
"469216","242661000053360","SQ *WONDERFRUITS","5814"
"00000003286","242661000053360","SQ          *SQ *KONBI","5814"
"00000003286","242661000053360","SQ *SQ *WINE COUNTRY C","5814"
"469216","242661000053360","SQ *THE CAT CAFE SOUTH BE","5462"
"469216","242661000053360","SQ *WICKED CUTZ BARBER SH","7230"
"00000003286","242661000053360","SQ *SQ *BAILY VINEYARD","5399"
"469216","242661000053360","SQ *AHMED ELTOM","7299"
"00000003286","242661000053360","SQ *SQ *THE CREAMERY C","5812"
"00000003286","242661000053360","SQ *SQ *MOLLAGA INDIAN","5812"
"469216","242661000053360","SQ *FBIRA HQ","5999"
"00000003286","242661000053360","SQ *SQ *THE HINDU TEMP","5812"
"469216","242661000053360","SQ *BKUK GROUP","5812"
"469216","242661000053360","SQ *CRAFT & OAK","7333"
"00000003286","242661000053360","SQ *SQ *TRUE JOY WOMAN","5691"
"00000003286","242661000053360","SQ *SQ *LOUIS@ROSSMANN","8999"
"469216","242661000053360","SQ *PATCHSTOP","5691"
"00000003286","242661000053360","SQ *SQ *GOTHAM CITY BA","7230"
"00000003286","242661000053360","SQ *SQ *PINKY NAILS 24","7230"
"00000003286","242661000053360","SQ     *SQ *PASSIONE","5812"
"469216","242661000053360","SQ *VERVE WINE","5999"
"00000003286","242661000053360","SQ *SQ *IL BUCO ALIMEN","5812"
"00000003286","242661000053360","SQ *SQ *TONI'S SUSHI B","5812"
"00000003286","242661000053360","SQ *SQ *NATURE'S TABLE","5812"
"00000003286","242661000053360","SQ *SQ *LOVING HUT GRE","5812"
"469216","242661000053360","SQ *KANTINE","5812"
"00000003286","242661000053360","SQ *SQ *THE IN GROOVE","5192"
"00000003286","242661000053360","SQ *SQ *A CALL AWAY TR","4121"
"469216","242661000053360","SQ *ALL CITIES TAXI","4121"
"00000003286","242661000053360","SQ *SQ *BLACK IRON BUR","5499"
"469216","242661000053360","SQ *JIANBING COMPANY","5499"
"00000003286","242661000053360","SQ *SQ *GARNISH RESTAU","5499"
"00000003286","242661000053360","SQ *SQ *PARSONS FARM L","5499"
"00000003286","242661000053360","SQ *SQ *AIRPORT TAXI S","4121"
"469216","242661000053360","SQ *LUCKY VENICE STORE #3","5499"
"00000003286","242661000053360","SQ     *SQ *NYC TAXI","4121"
"00000003286","242661000053360","SQ *SQ *THE MARDI GRAS","7991"
"00000003286","242661000053360","SQ *SQ *THE PEWTER SHO","5944"
"00000003286","242661000053360","SQ     *SQ *DIVE 106","5813"
"469216","242661000053360","SQ *BLUE BOTTLE COFFEE","5814"
"00000003286","242661000053360","SQ *SQ *1950 HONEY,INC","5814"
"00000003286","242661000053360","SQ *SQ *BIG DADDY'S BB","5814"
"00000003286","242661000053360","SQ *SQ *YALIS AT QUALC","5814"
"469216","242661000053360","SQ *CULINARIA EXPRESS","5814"
"469216","242661000053360","SQ *AMY'S BREAD - NYPL MA","5462"
"00000003286","242661000053360","SQ          *SQ *LE SO","5812"
"00000003286","242661000053360","SQ *SQ *DISTRICT DOUGH","5812"
"00000003286","242661000053360","SQ *SQ *UMMA S HOUSE","5812"
"469216","242661000053360","SQ *LA PECORA BIANCA","5812"
"469216","242661000053360","SQ *DESERT CHAMPIONS LLC","5999"
"00000003286","242661000053360","SQ     *SQ *POKEATERY","5812"
"00000003286","242661000053360","SQ *SQ *MY PIE PIZZERI","5812"
"00000003286","242661000053360","SQ          *SQ *OCAFE","5812"
"00000003286","242661000053360","SQ          *SQ *DUMBO","6513"
"469216","242661000053360","SQ *WSS","7333"
"469216","242661000053360","SQ *BOSTON ART GALLERY","7333"
"469216","242661000053360","SQ *GAUNTLET COMIC BOOKS","5192"
"469216","242661000053360","SQ *CAFE POETES","5812"
"469216","242661000053360","SQ *THE WORKER BEE CAFE","5812"
"469216","242661000053360","SQ *DON VINCENZO @ OCEAN","5812"
"00000003286","242661000053360","SQ *SQ *STEFANO VERSAC","5499"
"00000003286","242661000053360","SQ *SQ *CARLOS ANZOLA","4121"
"469216","242661000053360","SQ *CROWN","4121"
"00000003286","242661000053360","SQ *SQ *CASA TOSCANA","5499"
"00000003286","242661000053360","SQ *SQ *YELLOW CAB CO","4121"
"469216","242661000053360","SQ *MAGIC","4121"
"469216","242661000053360","SQ *MIDTOWN WIRELESS AND","5732"
"00000003286","242661000053360","SQ *SQ *HAVEN'S KITCHE","5499"
"469216","242661000053360","SQ *LE CAFE COFFEE","5499"
"00000003286","242661000053360","SQ *SQ *K&Y COUNTRY ST","5499"
"00000003286","242661000053360","SQ *SQ *BWI TAXI SERVI","4121"
"00000003286","242661000053360","SQ          *SQ *AYANT","4121"
"00000003286","242661000053360","SQ *SQ *LAMPLIGHTER BR","5813"
"469216","242661000053360","SQ *PALO SANTO ENTERTAINM","7929"
"00000003286","242661000053360","SQ *SQ *THE CAMDEN BAR","5813"
"00000003286","242661000053360","SQ *SQ *NYC CAR SERVIC54-15 102nd Street                              CORONA       11368     NY USA","7929"
"00000003286","242661000053360","SQ *SQ *CLOUD SOCIAL","5813"
"00000003286","242661000053360","SQ *SQ *GUERRILLA STRE","5814"
"469216","242661000053360","SQ *BS 37 LLC","5811"
"00000003286","242661000053360","SQ *SQ *STITCH BY STIT","5691"
"00000003286","242661000053360","SQ *SQ *AMR MOTORPLEX","7999"
"469216","242661000053360","SQ *MAXI CONCEPTS LLC","5999"
"00000003286","242661000053360","SQ *SQ *GOLDEN CHIPS F","5812"
"00000003286","242661000053360","SQ *SQ *EAGLE SUPPORT","5999"
"00000003286","242661000053360","SQ *SQ *HARVEST MOON B","5812"
"00000003286","242661000053360","SQ *SQ *CHICKEN CONNEC","5812"
"00000003286","242661000053360","SQ          *SQ *JAFFA","5812"
"469216","242661000053360","SQ *CRUMBL CEDAR CITY","5462"
"00000003286","242661000053360","SQ *SQ *CHECKMATE, LP","5411"
"469216","242661000053360","SQ *TRUE CONFECTIONS","5814"
"469216","242661000053360","SQ *PJ'S COFFEE OF NEW OR","5814"
"00000003286","242661000053360","SQ *SQ *BLACK FOX COFF","5814"
"00000003286","242661000053360","SQ *SQ *3 HERMANOS MEX","5814"
"00000003286","242661000053360","SQ     *SQ *LITTLE WES","5814"
"00000003286","242661000053360","SQ *SQ *PAUWELA STORE","5411"
"469216","242661000053360","SQ *PASION DEL CIELO COFF","5814"
"00000003286","242661000053360","SQ *SQ *CRISTINA Q THE","7230"
"469216","242661000053360","SQ *SOMA EATS","5812"
"469216","242661000053360","SQ *TAKESHI SUSHI","5812"
"00000003286","242661000053360","SQ *SQ *TARTINERY HUDS","5812"
"00000003286","242661000053360","SQ     *SQ *SUGARFINA","5999"
"469216","242661000053360","SQ *CAFFE ANTICO","5812"
"00000003286","242661000053360","SQ     *SQ *MOON JUICE711 North La Jolla Avenue                       Los Angeles  90046     CA USA","5999"
"469216","242661000053360","SQ *5STAR MASSAGES","8999"
"00000003286","242661000053360","SQ *SQ *REGAL BLACK LI","4121"
"00000003286","242661000053360","SQ *SQ *ERITREAN CAB","4121"
"00000003286","242661000053360","SQ *SQ *ANDREY LIMO LA","4121"
"00000003286","242661000053360","SQ *SQ *PARK EZ OF TIA","4121"
"00000003286","242661000053360","SQ *SQ *COFFEEBAR MENL","5499"
"00000003286","242661000053360","SQ *SQ *FEAST AND FARE","5814"
"469216","242661000053360","SQ *CAFFE LIL ITALY (RALU","5814"
"00000003286","242661000053360","SQ     *SQ *LOVERS LAN5458 Lovers Ln                                  Dallas       75209     TX USA","5814"
"469216","242661000053360","SQ *MISS MELBOURNE COFFEE","5814"
"469216","242661000053360","SQ *LIBERTY GIFTS NY INC","5999"
"00000003286","242661000053360","SQ *SQ *KELLY'S CAJUN","5812"
"00000003286","242661000053360","SQ     *SQ *BIERGARTEN","5812"
"00000003286","242661000053360","SQ *SQ *A LIL OFF THE","7230"
"00000003286","242661000053360","SQ          *SQ *MANNY","5814"
"469216","242661000053360","SQ *MISSION BBQ CATERING","5811"
"00000003286","242661000053360","SQ *SQ *SON OF GOD BAR","7230"
"00000003286","242661000053360","SQ *SQ *BAD ASS COFFEE","5814"
"469216","242661000053360","SQ *ARTIS COFFEE LLC","5814"
"00000003286","242661000053360","SQ *SQ *L'ARTE DEL GEL459 West 15th Street                            New York     10011     NY USA","5814"
"469216","242661000053360","SQ *DEVOCION | DOWNTOWN B","5812"
"469216","242661000053360","SQ *MAIDEN AMENITIES, LLC","5812"
"00000003286","242661000053360","SQ *SQ *DEUS EX MACHIN","5812"
"00000003286","242661000053360","SQ *SQ *PIADINA ORIGIN","5812"
"469216","242661000053360","SQ *ROCKRIDGE BAR OAK AIR","5812"
"469216","242661000053360","SQ *SOUTH FLORIDA VACATIO","7011"
"469216","242661000053360","SQ *SIDEWALK JUICE - VALE","5691"
"00000003286","242661000053360","SQ          *SQ *DSSAA8200 Bell Lane                                  Vienna       22182     VA USA","8699"
"469216","242661000053360","SQ *QUICK TAXI","4121"
"469216","242661000053360","SQ *NYC TAXI","4121"
"469216","242661000053360","SQ *UBER. SUV. SERVICES","4121"
"469216","242661000053360","SQ *YELLOWSTONE GENERAL S","5499"
"469216","242661000053360","SQ *ZEKARIAS WOLDE-TENSAE","4121"
"469216","242661000053360","SQ *PERRY'S TAXI","4121"
"469216","242661000053360","SQ *C BAO","5499"
"00000003286","242661000053360","SQ *SQ *KONA BAY BOOKS","5192"
"469216","242661000053360","SQ *MIAMI OPEN RETAIL","5192"
"00000003286","242661000053360","SQ *SQ *TASTE WINE BAR","5813"
"00000003286","242661000053360","SQ          *SQ *NORWO","5813"
"469216","242661000053360","SQ *SCRXTCH N SNIFF LLC","5813"
"00000003286","242661000053360","SQ *SQ *THE BRANT FOUN","7991"
"469216","242661000053360","SQ *SABERVR","7991"
"469216","242661000053360","SQ *CANTINA LA VEINTE45","5813"
"00000003286","242661000053360","SQ     *SQ *KAYCEE J","7230"
"00000003286","242661000053360","SQ *SQ *TRAMONTI LA PI","5812"
"469216","242661000053360","SQ *SEDONA SANDWICH SHOP","5814"
"00000003286","242661000053360","SQ *SQ *PULSE ART (SPU","5811"
"469216","242661000053360","SQ *HUTCH + WALDO","5814"
"00000003286","242661000053360","SQ *SQ *LA GOURMANDINE","5462"
"469216","242661000053360","SQ *DRAFTSANDDOGS","5814"
"00000003286","242661000053360","SQ *SQ *MINOCQUA POPCO","5814"
"00000003286","242661000053360","SQ *SQ *GOSQ.COM NURUL","7299"
"00000003286","242661000053360","SQ          *SQ *EDWAR","5812"
"469216","242661000053360","SQ *BIG BEAR BISTRO","5999"
"469216","242661000053360","SQ *2 BROS 9TH AVE","5812"
"00000003286","242661000053360","SQ *SQ *CENTER SMOKE S","5999"
"469216","242661000053360","SQ *THE ARGENTINIAN GRILL","5812"
"469216","242661000053360","SQ *CHEF JOE'S SNACKS & W","5812"
"00000003286","242661000053360","SQ *SQ *STREETCHURROS","5812"
"00000003286","242661000053360","SQ     *SQ *KALAMAKI","5812"
"469216","242661000053360","SQ *LANI COFFEE","5812"
"00000003286","242661000053360","SQ *SQ *DANCING YOGI","5999"
"00000003286","242661000053360","SQ *SQ *BEARFRUIT JEWE","5691"
"469216","242661000053360","SQ *COLDWELL BANKER","5691"
"00000003286","242661000053360","SQ          *SQ *LONDW","5192"
"469216","242661000053360","SQ *BART ENTERPRISES","5499"
"00000003286","242661000053360","SQ     *SQ *YELLOW CAB","4121"
"469216","242661000053360","SQ *I J CAB SERVICE LLC","4121"
"00000003286","242661000053360","SQ     *SQ *TAXI INC","4121"
"469216","242661000053360","SQ *MTF LIMOUSINES SRVS.","4121"
"00000003286","242661000053360","SQ     *SQ *CAR SERVIC","4121"
"00000003286","242661000053360","SQ *SQ *METRO AIRPORTS","4121"
"00000003286","242661000053360","SQ *SQ *3RD AVE VAP IN","5499"
"469216","242661000053360","SQ *RIGHI, LLC","5499"
"00000003286","242661000053360","SQ *SQ *BOOSTER INDOOR","8398"
"00000003286","242661000053360","SQ *SQ *PEACHTREE GROW","5921"
"469216","242661000053360","SQ *BLACK CAT","5813"
"469216","242661000053360","SQ *CHICKEN CONNECTION","5812"
"00000003286","242661000053360","SQ     *SQ *BREADWINNE","5812"
"469216","242661000053360","SQ *TAQUERIA LA CUMBRE SF","5812"
"00000003286","242661000053360","SQ *SQ *BELMONT PURVEY","5999"
"00000003286","242661000053360","SQ *SQ *SABRINA'S BROA","5812"
"00000003286","242661000053360","SQ *SQ *RUE DE FRANCE,","5691"
"00000003286","242661000053360","SQ *SQ *NICK TRANSPORT","4121"
"00000003286","242661000053360","SQ *SQ *NYC TAXI SERVI","4121"
"00000003286","242661000053360","SQ *SQ *LEONIDA1738@GM","4121"
"00000003286","242661000053360","SQ *SQ *LA PECORA BIAN","5812"
"469216","242661000053360","SQ *19 CLEVELAND","5812"
"00000003286","242661000053360","SQ *SQ *TREACHEROUS LE","5812"
"469216","242661000053360","SQ *SPITFIRE","5812"
"00000003286","242661000053360","SQ *SQ *SOUTHERNMOST K","5999"
"00000003286","242661000053360","SQ *SQ *WOLF CONSERVAT","5999"
"00000003286","242661000053360","SQ     *SQ *PULITZER","5812"
"469216","242661000053360","SQ *CONEY SHACK","5812"
"469216","242661000053360","SQ *HAVANA CUBAN RESTAURA","5812"
"00000003286","242661000053360","SQ *SQ *OLYMPIA COFFEE","5812"
"00000003286","242661000053360","SQ          *SQ *AZUMM","5812"
"00000003286","242661000053360","SQ     *SQ *CRAFT & OA","7333"
"469216","242661000053360","SQ *TOUR STRIKER, INC.","5941"
"469216","242661000053360","SQ *JICAMA 'CALIFORNIA ST","5814"
"00000003286","242661000053360","SQ     *SQ *LULABELLE'","5814"
"00000003286","242661000053360","SQ          *SQ *OUTRO","5814"
"00000003286","242661000053360","SQ *SQ *COAST ROAST CO","5411"
"469216","242661000053360","SQ *THE BIG YELLOW FOOD T","5814"
"00000003286","242661000053360","SQ *SQ *SMOOTH RIDER,","5814"
"469216","242661000053360","SQ *PASCKY HOUSE INC","7230"
"00000003286","242661000053360","SQ *SQ *MADE MAN BARBE","7230"
"00000003286","242661000053360","SQ *SQ *CLEVELAND AIRP","4121"
"00000003286","242661000053360","SQ *SQ *BLACK ELEPHANT","5499"
"00000003286","242661000053360","SQ     *SQ *230FA LLC","5813"
"00000003286","242661000053360","SQ *SQ *STORM HOSPITAL","7929"
"00000003286","242661000053360","SQ *SQ *THE HOUSE OF M","5813"
"469216","242661000053360","SQ *FIFTH AVENUE CLEANERS","8999"
"00000003286","242661000053360","SQ *SQ *THE HISTORIC E","7991"
"00000003286","242661000053360","SQ *SQ *GIRL SCOUTS CA","7991"
"00000003286","242661000053360","SQ          *SQ *TEISU","5812"
"469216","242661000053360","SQ *TIMMY FLYNNS RED HOT","5812"
"00000003286","242661000053360","SQ *SQ *GRAND CENTRAL","5812"
"00000003286","242661000053360","SQ *SQ *BIG SUR RIVER","5812"
"00000003286","242661000053360","SQ *SQ *C&M 1134 LLC D","5812"
"469216","242661000053360","SQ *SHAKE SHACK","5812"
"00000003286","242661000053360","SQ *SQ *FOR HERE OR TO","5812"
"469216","242661000053360","SQ *ITALIAN COLLECTIVE","5691"
"00000003286","242661000053360","SQ *SQ *CAFE ENVIE 308","5499"
"00000003286","242661000053360","SQ *SQ *ROXBURY MOUNTA","5499"
"00000003286","242661000053360","SQ *SQ *FENIX TOWN CAR","4121"
"00000003286","242661000053360","SQ *SQ *FREEDOM NEWS","5499"
"00000003286","242661000053360","SQ     *SQ *SACRE SUCR","5499"
"469216","242661000053360","SQ *CHICKEN SALAD CHICK","5499"
"00000003286","242661000053360","SQ *SQ *MAURO TRANSPOT","4121"
"00000003286","242661000053360","SQ *SQ *AMERICAN DESIG","5399"
"469216","242661000053360","SQ *V2 GELATO","5462"
"469216","242661000053360","SQ *TEA TIME CAFE LLC","5814"
"00000003286","242661000053360","SQ *SQ *ATELIER MONNIE","5814"
"469216","242661000053360","SQ *LILJAZZI'S CAFE & SAL","5812"
"469216","242661000053360","SQ *BELLA PITA, INC.","5812"
"00000003286","242661000053360","SQ *SQ *TWENTY MANNING","5812"
"00000003286","242661000053360","SQ          *SQ *COOP","5812"
"469216","242661000053360","SQ *DEFENSE DINING SERVIC","5812"
"00000003286","242661000053360","SQ *SQ *DEVOCION | FLA","5812"
"00000003286","242661000053360","SQ *SQ *MONSTER BITE F","5814"
"00000003286","242661000053360","SQ *SQ *JR'S ALL STAR","7230"
"00000003286","242661000053360","SQ *SQ *MATCHAFUL DUMB","5814"
"469216","242661000053360","SQ *BREWED AWAKENING","5814"
"00000003286","242661000053360","SQ *SQ *LE PETIT CROIS","5462"
"00000003286","242661000053360","SQ          *SQ *SOSA","5814"
"00000003286","242661000053360","SQ *SQ *D&M PACKING, L","5411"
"00000003286","242661000053360","SQ *SQ *CHEF'S TASTING","5814"
"00000003286","242661000053360","SQ *SQ *BOBALUST CAFE","5814"
"00000003286","242661000053360","SQ *SQ *COFFEE CORNER","5814"
"00000003286","242661000053360","SQ          *SQ *ALEXI","7230"
"469216","242661000053360","SQ *COPPER MOUNTAIN COFFE","5814"
"00000003286","242661000053360","SQ          *SQ *22","5814"
"00000003286","242661000053360","SQ *SQ *LA BELLA DOLCE","5814"
"00000003286","242661000053360","SQ *SQ *RAY'S AUTOMOTI","7538"
"469216","242661000053360","SQ *Z1 TRANSPOURT","4121"
"469216","242661000053360","SQ *CWS DBA REGAL BLACK L","4121"
"469216","242661000053360","SQ *DICE LIMOUSINE","4121"
"00000003286","242661000053360","SQ *SQ *SANAY LIMO TRA","4121"
"469216","242661000053360","SQ *EMAD ATALLA","7929"
"469216","242661000053360","SQ *HEADDRESS NY INC.","5691"
"469216","242661000053360","SQ *IT'S A ZOO LIFE","8999"
"469216","242661000053360","SQ *63 EAST 8 BAGEL CORP.","5462"
"469216","242661000053360","SQ *LUCABE COFFEE CO.","5814"
"469216","242661000053360","SQ *ORENS COFFEE NYC","5814"
"00000003286","242661000053360","SQ *SQ *PROSPECT PROVI","5814"
"00000003286","242661000053360","SQ *SQ *BRUEGGERS BAGE","5462"
"00000003286","242661000053360","SQ     *SQ *BAO BY KAY","5814"
"00000003286","242661000053360","SQ *SQ *THE ROLLING PI","5462"
"469216","242661000053360","SQ *UPTOWN MARKET GATE 8","5999"
"00000003286","242661000053360","SQ *SQ *LIBERTY GIFTS","5999"
"00000003286","242661000053360","SQ     *SQ *KANAKA KAV","5812"
"469216","242661000053360","SQ *PULITZER","5812"
"00000003286","242661000053360","SQ *SQ *SPEEDMAN PROVI","5999"
"00000003286","242661000053360","SQ *SQ *NEAPOLITAN EXP","5812"
"00000003286","242661000053360","SQ *SQ *PIEROGI BOYS","5812"
"00000003286","242661000053360","SQ *SQ *PACIFIC OUTFIT","5999"
"469216","242661000053360","SQ *SACKS IN THE CITY","5812"
"469216","242661000053360","SQ *KASSIE VIGIL","8999"
"00000003286","242661000053360","SQ          *SQ *FONUT","5462"
"00000003286","242661000053360","SQ *SQ *A & D MINI MAR","5411"
"00000003286","242661000053360","SQ *SQ *THE WEST VENIC","5999"
"469216","242661000053360","SQ *CAKE THAI","5812"
"469216","242661000053360","SQ *JHL RESTAURANTS/AUNTI","5812"
"469216","242661000053360","SQ *NATURAL SENSATIONS","5812"
"469216","242661000053360","SQ *RAKU SOHO","5812"
"469216","242661000053360","SQ *NINTH STREET ESPRESSO","5812"
"00000003286","242661000053360","SQ *SQ *LUXURY RIDE FL","4121"
"00000003286","242661000053360","SQ          *SQ *LOVEP","5499"
"469216","242661000053360","SQ *ARCO MANCHESTER","5499"
"469216","242661000053360","SQ *H CAR SERVICE","4121"
"00000003286","242661000053360","SQ *SQ *5 BORO JUSTINL","4121"
"00000003286","242661000053360","SQ *SQ *TRIPLE A TAXI","4121"
"00000003286","242661000053360","SQ     *SQ *JFK TAXI","4121"
"00000003286","242661000053360","SQ *SQ *GREENE STREET","5699"
"00000003286","242661000053360","SQ *SQ *TULARE BAND BO","8398"
"00000003286","242661000053360","SQ *SQ *DEMUN PROFESSI","2842"
"00000003286","242661000053360","SQ     *SQ *SWARM INC","5813"
"469216","242661000053360","SQ *BOOZE GARDEN","5813"
"00000003286","242661000053360","SQ *SQ *PATCHSTOP ROAD","5691"
"00000003286","242661000053360","SQ *SQ *PINEAPPLE BEAC","5691"
"00000003286","242661000053360","SQ *SQ *PHONE REFRESH","7622"
"469216","242661000053360","SQ *CAFE MILANO","5814"
"469216","242661000053360","SQ *GRAND CENTRAL BAKERY","5462"
"00000003286","242661000053360","SQ *SQ *DOLLOP MONROE","5814"
"469216","242661000053360","SQ *VEGGIE FAM","5814"
"469216","242661000053360","SQ *LIGHTHOUSE COFFEE","5814"
"00000003286","242661000053360","SQ     *SQ *WONDROUS","7911"
"00000003286","242661000053360","SQ *SQ *PETERSEN GAMES","5945"
"00000003286","242661000053360","SQ *SQ *GOOD WEATHER A","5941"
"00000003286","242661000053360","SQ *SQ *WILLOW ROAD PO","5691"
"00000003286","242661000053360","SQ *SQ *OKNO BY FRUGES","5691"
"00000003286","242661000053360","SQ *SQ *HAPPY ROOSTER","5691"
"469216","242661000053360","SQ *11TH STREET CAFE","5814"
"00000003286","242661000053360","SQ          *SQ *EATWE","5812"
"00000003286","242661000053360","SQ     *SQ *CILANTRO","5812"
"469216","242661000053360","SQ *THE GREEK PLACE","5812"
"00000003286","242661000053360","SQ *SQ *GREEN BLEND NY","5812"
"469216","242661000053360","SQ *CASEYS RUBBER STAMPS,","5999"
"00000003286","242661000053360","SQ *SQ *DALLIANCE, INC","7338"
"469216","242661000053360","SQ *TEXI","4121"
"00000003286","242661000053360","SQ          *SQ *T CAB","4121"
"00000003286","242661000053360","SQ *SQ *ODS CHAUFFEURE","4121"
"00000003286","242661000053360","SQ *SQ *MOUNT PLEASANT","4121"
"00000003286","242661000053360","SQ     *SQ *ORANGE TAX","4121"
